Points,Raw Dim,Compressed Dim,Worst Similarity,Best Similarity,Worst Distance,Best Distance
3,3,2,1,1,2.11E-08,0
3,4,2,1,1,2.11E-08,0
3,4,3,1,1,1.83E-08,0
3,5,2,1,1,2.98E-08,0
3,5,3,1,1,3.49E-08,0
3,5,4,1,1,2.98E-08,0
3,6,2,1,1,2.79E-08,0
3,6,3,1,1,2.98E-08,0
3,6,4,1,1,2.58E-08,0
3,6,5,1,1,2.98E-08,0
3,7,2,1,1,3.65E-08,0
3,7,3,1,1,2.58E-08,0
3,7,4,1,1,2.36E-08,0
3,7,5,1,1,2.36E-08,0
3,7,6,1,1,2.58E-08,0
3,8,2,1,1,2.58E-08,0
3,8,3,1,1,2.79E-08,0
3,8,4,1,1,2.58E-08,0
3,8,5,1,1,2.79E-08,0
3,8,6,1,1,2.79E-08,0
3,8,7,1,1,2.98E-08,0
3,9,2,1,1,2.98E-08,0
3,9,3,1,1,2.79E-08,0
3,9,4,1,1,2.98E-08,0
3,9,5,1,1,2.98E-08,0
3,9,6,1,1,2.98E-08,0
3,9,7,1,1,2.98E-08,0
3,9,8,1,1,3.49E-08,0
3,10,2,1,1,2.11E-08,0
3,10,3,1,1,2.79E-08,0
3,10,4,1,1,2.36E-08,0
3,10,5,1,1,2.11E-08,0
3,10,6,1,1,2.79E-08,0
3,10,7,1,1,2.11E-08,0
3,10,8,1,1,2.98E-08,0
3,10,9,1,1,2.11E-08,0
3,11,2,1,1,2.79E-08,0
3,11,3,1,1,2.98E-08,0
3,11,4,1,1,2.98E-08,0
3,11,5,1,1,3.16E-08,0
3,11,6,1,1,2.98E-08,0
3,11,7,1,1,2.98E-08,0
3,11,8,1,1,3.16E-08,0
3,11,9,1,1,2.98E-08,0
3,11,10,1,1,2.98E-08,0
3,12,2,1,1,2.36E-08,0
3,12,3,1,1,2.11E-08,0
3,12,4,1,1,2.11E-08,0
3,12,5,1,1,2.36E-08,0
3,12,6,1,1,2.36E-08,0
3,12,7,1,1,2.11E-08,0
3,12,8,1,1,2.36E-08,0
3,12,9,1,1,2.58E-08,0
3,12,10,1,1,2.98E-08,0
3,12,11,1,1,2.11E-08,0
3,13,2,1,1,2.11E-08,0
3,13,3,1,1,1.49E-08,0
3,13,4,1,1,2.11E-08,0
3,13,5,1,1,2.11E-08,0
3,13,6,1,1,2.11E-08,0
3,13,7,1,1,2.11E-08,0
3,13,8,1,1,2.11E-08,0
3,13,9,1,1,2.11E-08,0
3,13,10,1,1,2.11E-08,0
3,13,11,1,1,0,0
3,13,12,1,1,2.36E-08,0
3,14,2,1,1,1.49E-08,0
3,14,3,1,1,2.11E-08,0
3,14,4,1,1,1.49E-08,0
3,14,5,1,1,2.11E-08,0
3,14,6,1,1,1.49E-08,0
3,14,7,1,1,1.49E-08,0
3,14,8,1,1,2.11E-08,0
3,14,9,1,1,2.11E-08,0
3,14,10,1,1,2.11E-08,0
3,14,11,1,1,1.49E-08,0
3,14,12,1,1,0,0
3,14,13,1,1,2.11E-08,0
3,15,2,1,1,2.98E-08,0
3,15,3,1,1,2.98E-08,0
3,15,4,1,1,2.11E-08,0
3,15,5,1,1,2.11E-08,0
3,15,6,1,1,2.11E-08,0
3,15,7,1,1,2.58E-08,0
3,15,8,1,1,2.11E-08,0
3,15,9,1,1,2.11E-08,0
3,15,10,1,1,2.98E-08,0
3,15,11,1,1,2.98E-08,0
3,15,12,1,1,2.98E-08,0
3,15,13,1,1,2.11E-08,0
3,15,14,1,1,2.79E-08,0
3,16,2,1,1,3.33E-08,0
3,16,3,1,1,2.79E-08,0
3,16,4,1,1,2.79E-08,0
3,16,5,1,1,2.98E-08,0
3,16,6,1,1,2.79E-08,0
3,16,7,1,1,2.79E-08,0
3,16,8,1,1,2.98E-08,0
3,16,9,1,1,2.98E-08,0
3,16,10,1,1,2.11E-08,0
3,16,11,1,1,2.98E-08,0
3,16,12,1,1,2.98E-08,0
3,16,13,1,1,2.79E-08,0
3,16,14,1,1,2.98E-08,0
3,16,15,1,1,2.36E-08,0
3,17,2,1,1,2.58E-08,0
3,17,3,1,1,2.98E-08,0
3,17,4,1,1,2.11E-08,0
3,17,5,1,1,2.11E-08,0
3,17,6,1,1,2.11E-08,0
3,17,7,1,1,2.98E-08,0
3,17,8,1,1,2.98E-08,0
3,17,9,1,1,2.79E-08,0
3,17,10,1,1,2.98E-08,0
3,17,11,1,1,2.98E-08,0
3,17,12,1,1,2.79E-08,0
3,17,13,1,1,2.98E-08,0
3,17,14,1,1,2.98E-08,0
3,17,15,1,1,3.16E-08,0
3,17,16,1,1,2.98E-08,0
3,18,2,1,1,2.11E-08,0
3,18,3,1,1,2.36E-08,0
3,18,4,1,1,2.58E-08,0
3,18,5,1,1,2.36E-08,0
3,18,6,1,1,2.58E-08,0
3,18,7,1,1,2.11E-08,0
3,18,8,1,1,2.36E-08,0
3,18,9,1,1,2.11E-08,0
3,18,10,1,1,2.36E-08,0
3,18,11,1,1,2.36E-08,0
3,18,12,1,1,2.11E-08,0
3,18,13,1,1,2.36E-08,0
3,18,14,1,1,2.36E-08,0
3,18,15,1,1,2.11E-08,0
3,18,16,1,1,2.11E-08,0
3,18,17,1,1,2.58E-08,0
3,19,2,1,1,2.11E-08,0
3,19,3,1,1,2.98E-08,0
3,19,4,1,1,2.11E-08,0
3,19,5,1,1,2.11E-08,0
3,19,6,1,1,2.11E-08,0
3,19,7,1,1,1.49E-08,0
3,19,8,1,1,2.11E-08,0
3,19,9,1,1,2.11E-08,0
3,19,10,1,1,2.36E-08,0
3,19,11,1,1,2.11E-08,0
3,19,12,1,1,2.11E-08,0
3,19,13,1,1,2.79E-08,0
3,19,14,1,1,2.11E-08,0
3,19,15,1,1,2.11E-08,0
3,19,16,1,1,2.11E-08,0
3,19,17,1,1,2.79E-08,0
3,19,18,1,1,2.11E-08,0
3,20,2,1,1,2.11E-08,0
3,20,3,1,1,2.36E-08,0
3,20,4,1,1,2.11E-08,0
3,20,5,1,1,2.36E-08,0
3,20,6,1,1,2.11E-08,0
3,20,7,1,1,2.36E-08,0
3,20,8,1,1,2.36E-08,0
3,20,9,1,1,2.11E-08,0
3,20,10,1,1,2.58E-08,0
3,20,11,1,1,2.11E-08,0
3,20,12,1,1,2.11E-08,0
3,20,13,1,1,2.11E-08,0
3,20,14,1,1,2.11E-08,0
3,20,15,1,1,2.98E-08,0
3,20,16,1,1,2.11E-08,0
3,20,17,1,1,2.79E-08,0
3,20,18,1,1,2.36E-08,0
3,20,19,1,1,2.11E-08,0
4,3,2,0.998108047,0.999786301,0.061513457,0.020673616
4,4,2,0.998468207,0.998703563,0.055349666,0.050920277
4,4,3,0.927464646,0.99884074,0.380881489,0.048151011
4,5,2,0.999884227,0.999918434,0.015216623,0.012772307
4,5,3,0.989479209,0.999946532,0.14505717,0.010340986
4,5,4,0.999861028,0.999971307,0.016671624,0.007575337
4,6,2,0.999380811,0.999522738,0.035190583,0.030895382
4,6,3,0.985945793,0.999564519,0.167655642,0.02951207
4,6,4,0.999390253,0.999960057,0.034921243,0.008937936
4,6,5,0.999426864,0.999978617,0.033856626,0.006539548
4,7,2,0.999529053,0.999722291,0.03069028,0.023567304
4,7,3,0.99914779,0.99970562,0.041284629,0.024264395
4,7,4,0.999618088,0.999928468,0.027637377,0.011960915
4,7,5,0.999536055,0.999922363,0.030461299,0.012460915
4,7,6,0.999596003,0.999927639,0.028425238,0.012030084
4,8,2,0.999653568,0.999727774,0.026322313,0.023333478
4,8,3,0.998107093,0.999586811,0.061528966,0.028746779
4,8,4,0.999251719,0.999936483,0.038685417,0.011270956
4,8,5,0.999302868,0.9998523,0.037339856,0.017187193
4,8,6,0.999361394,0.999912207,0.035738113,0.013250872
4,8,7,0.999399693,0.999866943,0.034649868,0.016312999
4,9,2,0.999874093,0.999904514,0.015868673,0.013819229
4,9,3,0.996448701,0.999821474,0.084276908,0.018895814
4,9,4,0.999801357,0.999871173,0.019932016,0.016051604
4,9,5,0.999802487,0.999860974,0.019875252,0.016674907
4,9,6,0.999796989,0.999862622,0.020149987,0.016575752
4,9,7,0.999809158,0.999867283,0.019536715,0.016292122
4,9,8,0.999796299,0.999860408,0.020184179,0.016708799
4,10,2,0.999766449,0.999854906,0.021612535,0.017034898
4,10,3,0.999785829,0.999899341,0.020696421,0.014188664
4,10,4,0.999809181,0.999891935,0.019535574,0.014701368
4,10,5,0.999777118,0.999946408,0.021113132,0.010352992
4,10,6,0.999802753,0.999878332,0.019861876,0.015599208
4,10,7,0.99981314,0.999884566,0.019331818,0.015194341
4,10,8,0.999816989,0.999880595,0.019131677,0.015453507
4,10,9,0.999781809,0.999882893,0.02088976,0.015304059
4,11,2,0.996026776,0.999912563,0.089142856,0.013224023
4,11,3,0.997824172,0.999910419,0.065967076,0.013385135
4,11,4,0.99981773,0.999947251,0.019092934,0.010271208
4,11,5,0.999817468,0.999941126,0.01910667,0.010851176
4,11,6,0.999835028,0.999940049,0.01816436,0.010949964
4,11,7,0.999840102,0.999939266,0.017882822,0.011021251
4,11,8,0.999840201,0.999933966,0.017877302,0.011492045
4,11,9,0.999834689,0.999936224,0.018183021,0.011293868
4,11,10,0.999841086,0.999936257,0.017827719,0.011290989
4,12,2,0.998055125,0.999908868,0.062367861,0.01350055
4,12,3,0.99486736,0.999953536,0.101317717,0.009639868
4,12,4,0.999987143,0.999998389,0.005070897,0.00179522
4,12,5,0.999986818,0.999998598,0.005134585,0.001674386
4,12,6,0.999986363,0.999998549,0.005222535,0.001703362
4,12,7,0.999986986,0.999998557,0.005101701,0.001698574
4,12,8,0.999986307,0.999998611,0.005233097,0.001666707
4,12,9,0.999986444,0.99999818,0.005206868,0.001907987
4,12,10,0.999987335,0.999998551,0.00503289,0.001702149
4,12,11,0.999986441,0.999998098,0.005207526,0.001950461
4,13,2,0.999907212,0.999936332,0.013622652,0.011284312
4,13,3,0.99965226,0.999933902,0.026371967,0.011497632
4,13,4,0.999907207,0.999994716,0.013622984,0.003250804
4,13,5,0.999915597,0.999994626,0.012992527,0.003278538
4,13,6,0.99993188,0.99999497,0.011672157,0.003171769
4,13,7,0.999885887,0.999993955,0.015107169,0.003477143
4,13,8,0.999923901,0.999994452,0.01233684,0.003331178
4,13,9,0.999932164,0.999993148,0.011647811,0.003701943
4,13,10,0.999930397,0.999994364,0.011798525,0.003357406
4,13,11,0.99992563,0.999993248,0.012195907,0.003674811
4,13,12,0.999928125,0.999994098,0.011989574,0.003435816
4,14,2,0.999980798,0.99998611,0.006197157,0.005270607
4,14,3,0.999945061,0.999990987,0.010482295,0.004245807
4,14,4,0.999977808,0.999997308,0.006662146,0.002320332
4,14,5,0.999979478,0.999998228,0.006406543,0.001882523
4,14,6,0.999985379,0.999996017,0.00540753,0.002822561
4,14,7,0.999981517,0.999997189,0.006080015,0.002371073
4,14,8,0.999986147,0.999997302,0.005263588,0.002323068
4,14,9,0.999986795,0.999996864,0.005139119,0.002504222
4,14,10,0.999986206,0.999996264,0.005252351,0.002733402
4,14,11,0.999986093,0.999996397,0.005273988,0.002684353
4,14,12,0.999987286,0.999996141,0.005042583,0.002778031
4,14,13,0.999986447,0.999995572,0.005206428,0.002976056
4,15,2,0.999989022,0.999994252,0.004685732,0.003390553
4,15,3,0.997836282,0.999996608,0.065783252,0.002604547
4,15,4,0.99999384,0.999995191,0.003510122,0.00310144
4,15,5,0.999993832,0.999997739,0.003512323,0.002126449
4,15,6,0.999993766,0.999995339,0.003531058,0.003053153
4,15,7,0.999993948,0.999995352,0.003479141,0.003048809
4,15,8,0.999993754,0.999995087,0.003534475,0.003134785
4,15,9,0.999993775,0.999995407,0.003528443,0.003030964
4,15,10,0.999993739,0.999995005,0.003538643,0.003160723
4,15,11,0.999994026,0.999994944,0.003456636,0.003179804
4,15,12,0.999993727,0.999995131,0.003542002,0.003120544
4,15,13,0.999993875,0.999994965,0.003500032,0.003173347
4,15,14,0.99999388,0.999995022,0.003498435,0.003155163
4,16,2,0.999964724,0.99997168,0.008399533,0.007525899
4,16,3,0.99861758,0.999948876,0.052581741,0.010111811
4,16,4,0.999935146,0.999968822,0.011388941,0.007896546
4,16,5,0.999938795,0.999962605,0.011063908,0.008648152
4,16,6,0.99993474,0.999962527,0.011424499,0.008657134
4,16,7,0.999938567,0.999963396,0.011084526,0.008556208
4,16,8,0.999938515,0.999963624,0.011089165,0.008529441
4,16,9,0.999940036,0.999962426,0.010951178,0.008668784
4,16,10,0.999940109,0.999963749,0.010944497,0.008514788
4,16,11,0.99993995,0.999961864,0.010959034,0.008733402
4,16,12,0.999937681,0.999964626,0.011164155,0.008411145
4,16,13,0.999938628,0.99996396,0.011078947,0.008489968
4,16,14,0.999940082,0.999961924,0.010946967,0.008726499
4,16,15,0.99994065,0.999963012,0.010894931,0.008600959
4,17,2,0.999975224,0.999988129,0.007039271,0.004872582
4,17,3,0.99841926,0.999972604,0.056227044,0.007402133
4,17,4,0.999972703,0.999993802,0.007388776,0.003520689
4,17,5,0.999973189,0.999993834,0.00732272,0.003511776
4,17,6,0.999974124,0.999993507,0.007193899,0.003603529
4,17,7,0.999969744,0.9999936,0.007778936,0.0035777
4,17,8,0.999970596,0.999993714,0.007668673,0.003545726
4,17,9,0.999972088,0.999993503,0.007471555,0.003604712
4,17,10,0.999972373,0.999993894,0.007433353,0.003494593
4,17,11,0.99997382,0.99999339,0.007236045,0.003636056
4,17,12,0.99997139,0.999993717,0.007564425,0.003544923
4,17,13,0.999972713,0.999993732,0.007387383,0.003540536
4,17,14,0.99997282,0.99999386,0.007372978,0.003504371
4,17,15,0.999973414,0.999993952,0.007291962,0.003477791
4,17,16,0.999974614,0.999993727,0.007125471,0.003542136
4,18,2,0.999957434,0.999979702,0.00922672,0.006371465
4,18,3,0.999205997,0.999979693,0.039849802,0.006372879
4,18,4,0.999967238,0.999997378,0.008094741,0.002290093
4,18,5,0.999958247,0.999996864,0.009138137,0.002504369
4,18,6,0.99996487,0.999996329,0.00838217,0.002709739
4,18,7,0.999956658,0.999997183,0.009310448,0.002373576
4,18,8,0.999966045,0.999996964,0.008240783,0.002464097
4,18,9,0.999958449,0.999996912,0.009116056,0.002485013
4,18,10,0.999964724,0.999997118,0.008399577,0.002400687
4,18,11,0.999961537,0.999997154,0.008770782,0.00238569
4,18,12,0.99996575,0.999996672,0.008276455,0.00258009
4,18,13,0.99995666,0.999997061,0.009310195,0.002424474
4,18,14,0.999961617,0.999997031,0.008761585,0.002436669
4,18,15,0.999964656,0.999997093,0.008407608,0.002411096
4,18,16,0.999960576,0.999996994,0.00887962,0.002451822
4,18,17,0.999959667,0.999996705,0.00898141,0.002567063
4,19,2,0.999995955,0.999997341,0.00284444,0.002305955
4,19,3,0.999993047,0.999996721,0.003729141,0.002560791
4,19,4,0.999995004,0.999998466,0.003160883,0.001751405
4,19,5,0.999994106,0.999997403,0.003433303,0.002279204
4,19,6,0.999995385,0.999997629,0.003038047,0.002177669
4,19,7,0.999994461,0.999996702,0.003328234,0.002568121
4,19,8,0.9999947,0.999996646,0.003255762,0.002590089
4,19,9,0.999995002,0.999997215,0.003161785,0.002360068
4,19,10,0.999995356,0.999997216,0.003047508,0.002359678
4,19,11,0.999995478,0.999996869,0.003007204,0.002502594
4,19,12,0.999994898,0.999996971,0.003194432,0.0024613
4,19,13,0.99999478,0.999996929,0.003230953,0.002478311
4,19,14,0.999994979,0.999996567,0.003168809,0.002620471
4,19,15,0.999994808,0.999996522,0.003222333,0.002637325
4,19,16,0.999995063,0.999997025,0.003142191,0.002439392
4,19,17,0.999994564,0.999996753,0.003297399,0.002548226
4,19,18,0.999994874,0.999996559,0.003201919,0.002623326
4,20,2,0.999973738,0.999986426,0.007247296,0.005210365
4,20,3,0.999888546,0.999966541,0.014930122,0.008180325
4,20,4,0.999954021,0.999972578,0.009589519,0.007405727
4,20,5,0.99995376,0.999971056,0.009616699,0.00760842
4,20,6,0.999947579,0.999970708,0.010239256,0.007653964
4,20,7,0.999951013,0.999972973,0.009898152,0.007352164
4,20,8,0.999951927,0.99997116,0.009805429,0.007594758
4,20,9,0.999954715,0.999972316,0.009516803,0.00744094
4,20,10,0.999954803,0.999971379,0.009507587,0.007565872
4,20,11,0.999953053,0.999971586,0.009689939,0.007538456
4,20,12,0.999953308,0.99997111,0.009663552,0.007601312
4,20,13,0.999954073,0.999972337,0.009584008,0.007438108
4,20,14,0.99995314,0.999970408,0.009680936,0.007693118
4,20,15,0.999951968,0.999972152,0.009801233,0.00746296
4,20,16,0.99995279,0.999970157,0.009716975,0.007725626
4,20,17,0.999951539,0.99997015,0.009844904,0.007726576
4,20,18,0.999954038,0.999969388,0.009587663,0.007824625
4,20,19,0.999952411,0.999970004,0.009755878,0.007745395
5,3,2,0.987911097,0.997746743,0.155492138,0.06713058
5,4,2,0.997855964,0.998847093,0.065483376,0.048018899
5,4,3,0.998318402,0.99954052,0.057993062,0.030314341
5,5,2,0.998981094,0.999119523,0.045142139,0.041963712
5,5,3,0.997217794,0.998397082,0.074594986,0.056620102
5,5,4,0.996936715,0.999230083,0.078272409,0.039240724
5,6,2,0.998798316,0.999211077,0.049024153,0.039722118
5,6,3,0.99596513,0.998868022,0.089831736,0.047581048
5,6,4,0.996878402,0.999684358,0.079013895,0.025125352
5,6,5,0.996908358,0.999467552,0.07863386,0.032632756
5,7,2,0.999845643,0.999917229,0.017570243,0.012866307
5,7,3,0.995341738,0.999955095,0.096522142,0.009476773
5,7,4,0.999936734,0.999988586,0.011248645,0.004777952
5,7,5,0.999935774,0.999989712,0.011333692,0.004535986
5,7,6,0.999928311,0.999990219,0.011974044,0.004422933
5,8,2,0.996334386,0.998845081,0.085622585,0.048060769
5,8,3,0.970296571,0.999435561,0.24373522,0.033598793
5,8,4,0.997524686,0.999314069,0.0703607,0.037038666
5,8,5,0.999495103,0.999814432,0.031777263,0.0192649
5,8,6,0.996473578,0.999807197,0.083981217,0.019636833
5,8,7,0.997930778,0.999230655,0.064330737,0.039226137
5,9,2,0.999929413,0.999967643,0.011881655,0.008044513
5,9,3,0.999948101,0.999972749,0.010188113,0.007382567
5,9,4,0.999901516,0.999980543,0.014034497,0.00623814
5,9,5,0.999949902,0.999994802,0.010009824,0.00322416
5,9,6,0.999938096,0.999994701,0.011126861,0.003255556
5,9,7,0.999926576,0.999986079,0.012118078,0.005276466
5,9,8,0.99993527,0.999974055,0.011378009,0.007203514
5,10,2,0.999691494,0.999919907,0.024839724,0.0126565
5,10,3,0.998704552,0.999904208,0.050900839,0.013841419
5,10,4,0.999814119,0.999934898,0.019281152,0.011410713
5,10,5,0.999701402,0.999924208,0.024437581,0.012311915
5,10,6,0.999774638,0.99992277,0.021230253,0.012428194
5,10,7,0.999835442,0.999932864,0.01814156,0.011587608
5,10,8,0.999791475,0.9999295,0.020421819,0.01187435
5,10,9,0.999790772,0.999931487,0.020456187,0.011705826
5,11,2,0.999751666,0.999907059,0.022286058,0.013633883
5,11,3,0.999829333,0.999943162,0.01847521,0.01066188
5,11,4,0.999833308,0.999975511,0.018258781,0.00699837
5,11,5,0.999861096,0.999978558,0.016667546,0.006548542
5,11,6,0.999829352,0.999972718,0.018474187,0.007386687
5,11,7,0.999781461,0.999983162,0.020906427,0.005803169
5,11,8,0.999741967,0.999982174,0.02271707,0.005970848
5,11,9,0.999863884,0.999976141,0.016499482,0.006907769
5,11,10,0.999789378,0.999980048,0.020524245,0.006316964
5,12,2,0.999922837,0.999946638,0.012422775,0.010330697
5,12,3,0.98343819,0.999983016,0.181998959,0.005828272
5,12,4,0.999918594,0.9999869,0.012759747,0.005118685
5,12,5,0.999938493,0.999995633,0.011091212,0.002955204
5,12,6,0.999962157,0.999996046,0.008699806,0.002812236
5,12,7,0.999922503,0.999988499,0.012449655,0.004796102
5,12,8,0.999930245,0.999986925,0.011811456,0.005113741
5,12,9,0.99992689,0.999993331,0.012092124,0.003652187
5,12,10,0.999928144,0.999992291,0.011988003,0.003926561
5,12,11,0.999930649,0.999986232,0.011777158,0.005247569
5,13,2,0.999867484,0.999954293,0.016279794,0.009561023
5,13,3,0.999761203,0.999894226,0.021853939,0.014544714
5,13,4,0.999584789,0.999919038,0.028817032,0.012724911
5,13,5,0.999695434,0.999931477,0.024680586,0.011706638
5,13,6,0.99969442,0.999916443,0.024721665,0.012927244
5,13,7,0.999680864,0.999910411,0.025264048,0.013385741
5,13,8,0.999635494,0.999911846,0.027000234,0.013278129
5,13,9,0.99963826,0.999879852,0.026897577,0.015501478
5,13,10,0.999665409,0.999945427,0.025868563,0.01044728
5,13,11,0.999663492,0.99991075,0.025942561,0.013360408
5,13,12,0.999636268,0.999926648,0.026971552,0.012112109
5,14,2,0.99995286,0.999979544,0.009709793,0.006396267
5,14,3,0.99993942,0.99997942,0.011007264,0.006415674
5,14,4,0.999894091,0.999997835,0.014553946,0.002080998
5,14,5,0.999865244,0.999986536,0.016416834,0.005189268
5,14,6,0.999908564,0.999988205,0.013523011,0.004856951
5,14,7,0.999921099,0.999995288,0.012561932,0.003069941
5,14,8,0.999926089,0.999997268,0.012158185,0.002337602
5,14,9,0.999909857,0.999997195,0.013427039,0.0023684
5,14,10,0.999917252,0.999997525,0.012864522,0.002224682
5,14,11,0.999932795,0.999996776,0.011593514,0.002539342
5,14,12,0.999910896,0.999995989,0.013349423,0.002832316
5,14,13,0.999903205,0.9999971,0.013913696,0.002408182
5,15,2,0.999893368,0.999949832,0.014603575,0.010016834
5,15,3,0.990716886,0.999970879,0.136257946,0.007631583
5,15,4,0.99993337,0.999993623,0.011543854,0.003571219
5,15,5,0.999915638,0.999950975,0.012989392,0.009902053
5,15,6,0.999909464,0.999970234,0.013456282,0.00771573
5,15,7,0.999985013,0.999993298,0.005474783,0.003661018
5,15,8,0.999879162,0.999992855,0.015545902,0.003780162
5,15,9,0.999981003,0.999992927,0.006163952,0.003761221
5,15,10,0.999981566,0.999993095,0.006071957,0.003716172
5,15,11,0.99998309,0.999992913,0.005815545,0.003764758
5,15,12,0.999979834,0.999992237,0.006350724,0.003940286
5,15,13,0.999982047,0.999992613,0.005992118,0.003843762
5,15,14,0.999984192,0.999991722,0.005622775,0.004068929
5,16,2,0.999682066,0.999927404,0.025216407,0.012049557
5,16,3,0.998992802,0.99987393,0.044882021,0.015878885
5,16,4,0.999630214,0.999938932,0.02719507,0.011051526
5,16,5,0.999859618,0.999948105,0.016756042,0.010187707
5,16,6,0.999651439,0.999959692,0.026403068,0.008978636
5,16,7,0.999658087,0.99997706,0.026150057,0.006773489
5,16,8,0.999662648,0.999869552,0.025975075,0.016152288
5,16,9,0.999629261,0.999920226,0.0272301,0.012631246
5,16,10,0.999675955,0.999903783,0.025457628,0.013872032
5,16,11,0.999670283,0.999894519,0.025679455,0.014524532
5,16,12,0.999663072,0.999903694,0.02595872,0.01387845
5,16,13,0.999680609,0.999793818,0.025274133,0.020306735
5,16,14,0.999673035,0.99985982,0.025572052,0.01674398
5,16,15,0.999668466,0.999927518,0.025750108,0.012040075
5,17,2,0.999953848,0.999981272,0.009607515,0.006120155
5,17,3,0.999899984,0.999977287,0.014143287,0.006739895
5,17,4,0.999954453,0.999993097,0.009544347,0.003715517
5,17,5,0.999946763,0.999987613,0.010318607,0.004977343
5,17,6,0.999949521,0.999987309,0.010047783,0.00503801
5,17,7,0.999936976,0.99999307,0.011227083,0.003723019
5,17,8,0.999962643,0.999993661,0.008643689,0.003560478
5,17,9,0.999962072,0.999993717,0.008709492,0.003544985
5,17,10,0.999964294,0.999993169,0.008450557,0.003696132
5,17,11,0.999959286,0.99999456,0.009023745,0.003298425
5,17,12,0.999960355,0.99999195,0.008904466,0.0040124
5,17,13,0.999966512,0.999991407,0.00818383,0.004145719
5,17,14,0.999966395,0.999993546,0.008198222,0.003592901
5,17,15,0.999960679,0.999995196,0.008868011,0.003099714
5,17,16,0.999959963,0.999992575,0.008948377,0.003853606
5,18,2,0.999959868,0.999974038,0.00895899,0.0072059
5,18,3,0.999961605,0.999987977,0.008762945,0.004903646
5,18,4,0.999943057,0.999990969,0.010671774,0.00424998
5,18,5,0.999940064,0.999996387,0.010948571,0.002688223
5,18,6,0.999931167,0.999996548,0.0117331,0.002627589
5,18,7,0.999954419,0.999994223,0.009547878,0.003399022
5,18,8,0.999943697,0.999994758,0.010611565,0.00323778
5,18,9,0.999948852,0.999989362,0.010114153,0.004612502
5,18,10,0.999948932,0.999988975,0.010106195,0.004695769
5,18,11,0.999950962,0.99998945,0.009903283,0.004593529
5,18,12,0.999953423,0.999992665,0.009651606,0.003830135
5,18,13,0.999946127,0.999994861,0.010380031,0.003206075
5,18,14,0.9999448,0.999989902,0.010507121,0.00449406
5,18,15,0.999948402,0.999992336,0.010158577,0.00391513
5,18,16,0.999952478,0.999993649,0.009749046,0.003563858
5,18,17,0.999934622,0.999992398,0.011434866,0.003899303
5,19,2,0.99998777,0.999991115,0.004945679,0.00421537
5,19,3,0.998744179,0.999995449,0.050116278,0.003016829
5,19,4,0.999978124,0.999991787,0.006614458,0.004052951
5,19,5,0.999987267,0.999991765,0.005046363,0.004058368
5,19,6,0.999982085,0.99999261,0.005985788,0.003844361
5,19,7,0.999977109,0.999990526,0.00676629,0.00435301
5,19,8,0.999977634,0.999989942,0.006688245,0.004485122
5,19,9,0.999978166,0.999989971,0.006608142,0.004478591
5,19,10,0.999975949,0.999989457,0.006935572,0.004591851
5,19,11,0.999978272,0.999990675,0.0065921,0.004318524
5,19,12,0.999976857,0.999990661,0.006803439,0.004321909
5,19,13,0.999976942,0.999989541,0.006790855,0.004573512
5,19,14,0.99997687,0.999992472,0.006801446,0.00388013
5,19,15,0.999977912,0.99999044,0.006646522,0.004372635
5,19,16,0.99997758,0.999989888,0.006696247,0.00449709
5,19,17,0.999977696,0.999990706,0.006678918,0.004311328
5,19,18,0.999977331,0.999990621,0.006733381,0.004331115
5,20,2,0.99999461,0.999999114,0.003283186,0.001331336
5,20,3,0.999980387,0.999992472,0.006263136,0.003880128
5,20,4,0.999990618,0.999996998,0.004331691,0.002450441
5,20,5,0.999990657,0.999996374,0.004322772,0.002693076
5,20,6,0.999990873,0.999996857,0.004272481,0.002507101
5,20,7,0.999991887,0.999996869,0.004028236,0.002502317
5,20,8,0.999990885,0.999996759,0.004269665,0.002545821
5,20,9,0.999991769,0.999996491,0.004057398,0.002649301
5,20,10,0.999991868,0.999996386,0.004032949,0.002688349
5,20,11,0.999992285,0.999996521,0.003928205,0.002637863
5,20,12,0.999991679,0.99999646,0.004079491,0.00266098
5,20,13,0.999991734,0.999996916,0.00406599,0.002483381
5,20,14,0.999992205,0.999996275,0.003948412,0.002729289
5,20,15,0.999992283,0.999996282,0.003928663,0.002726812
5,20,16,0.999992348,0.999996172,0.003911942,0.002766901
5,20,17,0.999991944,0.999996617,0.004013854,0.002601183
5,20,18,0.999992337,0.999996747,0.003914929,0.002550623
5,20,19,0.999992425,0.99999672,0.003892367,0.002561296
6,3,2,0.997856761,0.999389253,0.065471194,0.034949878
6,4,2,0.999018747,0.999714017,0.044300179,0.023915803
6,4,3,0.725168437,0.999635506,0.741392694,0.026999776
6,5,2,0.997935238,0.998817267,0.06426138,0.048636058
6,5,3,0.992796363,0.998451623,0.120030306,0.055648494
6,5,4,0.995600553,0.998067585,0.093802423,0.062167759
6,6,2,0.999014121,0.999648475,0.044404481,0.026515102
6,6,3,0.99848028,0.999421369,0.055131109,0.03401856
6,6,4,0.99795263,0.999596614,0.063990149,0.028403735
6,6,5,0.998659227,0.999643147,0.051783646,0.02671529
6,7,2,0.999363607,0.99965439,0.035676119,0.026291052
6,7,3,0.999460159,0.999703378,0.032858514,0.024356597
6,7,4,0.999361377,0.999785259,0.035738578,0.020723945
6,7,5,0.999122402,0.999751731,0.041895067,0.022283125
6,7,6,0.999378376,0.99982385,0.035259726,0.018769655
6,8,2,0.99986273,0.999952561,0.016569275,0.009740512
6,8,3,0.999216248,0.999944311,0.039591706,0.010553565
6,8,4,0.999840443,0.999958409,0.017863744,0.009120441
6,8,5,0.999845079,0.999960945,0.017602328,0.008837971
6,8,6,0.99986482,0.999963826,0.016442608,0.008505792
6,8,7,0.999839083,0.999962927,0.017939752,0.008610753
6,9,2,0.999789635,0.999940638,0.020511727,0.010896037
6,9,3,0.99936768,0.999971446,0.035561767,0.007557023
6,9,4,0.99993782,0.999973293,0.011151681,0.007308437
6,9,5,0.999916149,0.999973547,0.01294999,0.007273715
6,9,6,0.999848859,0.999969906,0.017386234,0.00775806
6,9,7,0.999896389,0.999963481,0.014395226,0.008546227
6,9,8,0.999858317,0.999976784,0.016833462,0.006814146
6,10,2,0.999203984,0.999948679,0.039900285,0.010131209
6,10,3,0.999661505,0.999920372,0.02601904,0.012619699
6,10,4,0.99968232,0.99993102,0.025206353,0.011745678
6,10,5,0.999777343,0.99992708,0.021102451,0.012076429
6,10,6,0.99974566,0.999941798,0.02255395,0.010789024
6,10,7,0.999786894,0.999918721,0.020644924,0.012749843
6,10,8,0.999819773,0.999943065,0.018985606,0.010670976
6,10,9,0.999875761,0.999941462,0.015763169,0.010820207
6,11,2,0.999964247,0.99997446,0.008456117,0.00714697
6,11,3,0.999689939,0.999968837,0.024902251,0.007894723
6,11,4,0.999940621,0.999991864,0.010897584,0.004033758
6,11,5,0.999943613,0.999987698,0.010619546,0.004960143
6,11,6,0.999935768,0.999993606,0.011334155,0.003576132
6,11,7,0.999939129,0.999987041,0.011033676,0.005091023
6,11,8,0.999958901,0.999985547,0.009066271,0.005376411
6,11,9,0.999890198,0.999985247,0.01481907,0.005431939
6,11,10,0.99994059,0.999985153,0.010900415,0.005449182
6,12,2,0.999949668,0.999982125,0.010033172,0.005979184
6,12,3,0.999839774,0.999971121,0.017901201,0.007599915
6,12,4,0.999897427,0.999983647,0.014322929,0.005718876
6,12,5,0.999924384,0.999985827,0.012297614,0.005324083
6,12,6,0.999930099,0.999984823,0.011823823,0.005509409
6,12,7,0.999917863,0.999981472,0.012816962,0.006087429
6,12,8,0.999961651,0.999990535,0.008757721,0.00435089
6,12,9,0.999960854,0.999991652,0.008848321,0.004086006
6,12,10,0.999956442,0.999991497,0.009333632,0.004123909
6,12,11,0.99996339,0.99998932,0.008556863,0.004621752
6,13,2,0.999739514,0.999922728,0.02282483,0.012431583
6,13,3,0.995167992,0.999930001,0.098305729,0.011832046
6,13,4,0.99983842,0.999949092,0.017976645,0.010090407
6,13,5,0.999727898,0.999919455,0.023328185,0.01269216
6,13,6,0.999669962,0.999919614,0.025691927,0.012679552
6,13,7,0.999742663,0.999936697,0.022686409,0.011251914
6,13,8,0.999636309,0.999925914,0.026970024,0.012172603
6,13,9,0.999638827,0.999910429,0.026876479,0.013384415
6,13,10,0.999606381,0.999940425,0.02805777,0.010915619
6,13,11,0.999635259,0.99992276,0.027008929,0.012429001
6,13,12,0.999662539,0.999913229,0.025979244,0.013173562
6,14,2,0.999802785,0.999878966,0.019860237,0.015558551
6,14,3,0.992594948,0.999754929,0.121696767,0.022139139
6,14,4,0.999339051,0.999878882,0.036357906,0.015563912
6,14,5,0.999547315,0.999886371,0.030089372,0.015075094
6,14,6,0.999506361,0.99992796,0.031420974,0.012003365
6,14,7,0.999502244,0.999896289,0.031551728,0.014402129
6,14,8,0.999752874,0.999892557,0.022231761,0.014658979
6,14,9,0.99974533,0.999868791,0.022568583,0.016199295
6,14,10,0.999740028,0.999862365,0.022802266,0.016591242
6,14,11,0.99975113,0.999872089,0.022310074,0.015994431
6,14,12,0.99977246,0.999904379,0.021332586,0.01382905
6,14,13,0.999762492,0.999873604,0.021794883,0.015899449
6,15,2,0.999972704,0.999987005,0.007388586,0.005097953
6,15,3,0.999962708,0.999994881,0.008636215,0.003199788
6,15,4,0.999971,0.999993135,0.007615796,0.003705336
6,15,5,0.999972595,0.99999493,0.007403344,0.003184443
6,15,6,0.999980252,0.999992,0.00628466,0.003999972
6,15,7,0.99997776,0.999990924,0.006669316,0.004260509
6,15,8,0.999984718,0.999997153,0.005528445,0.002386215
6,15,9,0.999979743,0.99999683,0.006365038,0.002517772
6,15,10,0.999984472,0.999996295,0.005572869,0.0027221
6,15,11,0.999984093,0.999997472,0.005640419,0.002248646
6,15,12,0.99998505,0.999995836,0.005468066,0.002885865
6,15,13,0.999982611,0.999996158,0.005897224,0.002772156
6,15,14,0.999984852,0.999995445,0.00550426,0.003018257
6,16,2,0.99996728,0.999977944,0.008089537,0.006641752
6,16,3,0.998826888,0.999969908,0.04843784,0.007757789
6,16,4,0.999924062,0.999985574,0.012323789,0.005371496
6,16,5,0.999920171,0.99997736,0.012635572,0.006728981
6,16,6,0.999888637,0.999980872,0.014923993,0.006185118
6,16,7,0.999914465,0.999977708,0.013079399,0.006677143
6,16,8,0.999914209,0.999982397,0.013098894,0.005933476
6,16,9,0.999893511,0.999982643,0.014593764,0.005891897
6,16,10,0.999883923,0.999986409,0.015236579,0.005213675
6,16,11,0.999820307,0.999989484,0.018957454,0.004586106
6,16,12,0.999932018,0.999983366,0.011660338,0.005767866
6,16,13,0.999892381,0.999984676,0.014670991,0.005536108
6,16,14,0.999896744,0.999988196,0.014370547,0.004858884
6,16,15,0.999843858,0.999987828,0.017671546,0.004933875
6,17,2,0.999842405,0.999966227,0.01775361,0.008218621
6,17,3,0.998976053,0.999966664,0.045253666,0.00816524
6,17,4,0.999853589,0.999974701,0.017112054,0.007113182
6,17,5,0.999919569,0.999975315,0.012683174,0.00702638
6,17,6,0.999875957,0.99997128,0.015750761,0.007578939
6,17,7,0.999891834,0.999986501,0.014708231,0.005195955
6,17,8,0.999901457,0.999988815,0.014038737,0.004729772
6,17,9,0.999894901,0.999983639,0.014498224,0.005720282
6,17,10,0.999891732,0.99997826,0.01471519,0.006593943
6,17,11,0.999874567,0.999980845,0.01583873,0.006189494
6,17,12,0.999882635,0.999979247,0.015320872,0.006442513
6,17,13,0.999872125,0.999974334,0.015992192,0.007164609
6,17,14,0.999878063,0.999981827,0.015616449,0.006028748
6,17,15,0.999885016,0.999985858,0.015164711,0.005318265
6,17,16,0.999879621,0.999984512,0.015516353,0.005565643
6,18,2,0.999815417,0.999930148,0.019213704,0.011819606
6,18,3,0.999121878,0.999960427,0.041907555,0.008896358
6,18,4,0.999848745,0.999974409,0.017392832,0.007154137
6,18,5,0.999797255,0.999926559,0.020136769,0.012119479
6,18,6,0.999821268,0.999955783,0.018906696,0.009403944
6,18,7,0.999728202,0.999942893,0.023315147,0.01068705
6,18,8,0.999692476,0.999944744,0.024800149,0.010512428
6,18,9,0.999731408,0.999949059,0.02317725,0.010093648
6,18,10,0.999731839,0.999948141,0.023158628,0.010184192
6,18,11,0.999674309,0.999954629,0.025522204,0.009525883
6,18,12,0.999642837,0.999961132,0.026726865,0.008816853
6,18,13,0.999702478,0.999949308,0.024393515,0.010068955
6,18,14,0.999707908,0.999940978,0.024169892,0.010864799
6,18,15,0.99964435,0.99994418,0.026670197,0.010566029
6,18,16,0.999713248,0.999946423,0.023947935,0.010351489
6,18,17,0.999667273,0.999937448,0.025796411,0.011184963
6,19,2,0.99995553,0.999995644,0.009430754,0.002951762
6,19,3,0.999950952,0.999991365,0.009904335,0.004155631
6,19,4,0.999978991,0.999995981,0.006482053,0.002835246
6,19,5,0.999979424,0.999993625,0.006415017,0.003570601
6,19,6,0.999959234,0.99999469,0.009029554,0.003258702
6,19,7,0.999978761,0.999992494,0.006517495,0.003874611
6,19,8,0.999966278,0.999995446,0.0082124,0.003017996
6,19,9,0.99996188,0.999995361,0.008731544,0.003045848
6,19,10,0.99996211,0.999996032,0.008705179,0.002816941
6,19,11,0.999971415,0.999995609,0.007561067,0.002963403
6,19,12,0.999971491,0.999994564,0.007550998,0.003297396
6,19,13,0.999967702,0.999994863,0.008037166,0.003205239
6,19,14,0.999973995,0.999996102,0.007211757,0.002792103
6,19,15,0.999968468,0.999994409,0.007941277,0.00334398
6,19,16,0.999968518,0.999995938,0.007934934,0.002850128
6,19,17,0.999967752,0.999995746,0.00803098,0.002916962
6,19,18,0.999966579,0.999994847,0.008175669,0.003210383
6,20,2,0.999983241,0.999998111,0.005789468,0.001943492
6,20,3,0.999991938,0.999996219,0.004015445,0.002749861
6,20,4,0.99998878,0.999997288,0.004737093,0.00232897
6,20,5,0.99998315,0.999997408,0.005805119,0.002277009
6,20,6,0.999986887,0.999996975,0.005121071,0.002459817
6,20,7,0.999986866,0.999997095,0.005125243,0.002410258
6,20,8,0.999981825,0.999997246,0.006029126,0.002346775
6,20,9,0.999975528,0.999997165,0.006996025,0.002381133
6,20,10,0.999981992,0.999997285,0.00600125,0.002330261
6,20,11,0.999981968,0.999996272,0.0060054,0.002730396
6,20,12,0.999982128,0.999996602,0.005978651,0.002606886
6,20,13,0.999983349,0.999996458,0.005770788,0.002661555
6,20,14,0.999981836,0.999997082,0.006027326,0.002415588
6,20,15,0.999981487,0.9999974,0.006084972,0.002280212
6,20,16,0.999981118,0.999996218,0.00614528,0.00275044
6,20,17,0.999980606,0.999996479,0.006228,0.002653666
6,20,18,0.999982764,0.999996361,0.005871299,0.002697662
6,20,19,0.999980486,0.999996437,0.006247185,0.002669403
7,3,2,0.998687881,0.999765046,0.051227309,0.021677341
7,4,2,0.979710446,0.998383247,0.201442566,0.05686393
7,4,3,0.991531647,0.997563459,0.130141101,0.069807459
7,5,2,0.989993243,0.996816192,0.141469126,0.079797338
7,5,3,0.898003418,0.996655823,0.451656023,0.08178236
7,5,4,0.987380543,0.996023384,0.158867602,0.089180891
7,6,2,0.999775356,0.999858157,0.02119641,0.016842985
7,6,3,0.999633198,0.999898132,0.027085131,0.014273647
7,6,4,0.999723038,0.999919591,0.023535598,0.01268142
7,6,5,0.999732577,0.999929697,0.023126737,0.011857754
7,7,2,0.998956645,0.99967007,0.045680522,0.025687742
7,7,3,0.998420934,0.999384905,0.056197255,0.035074065
7,7,4,0.997258531,0.999607252,0.074046861,0.028026712
7,7,5,0.998270352,0.999725926,0.058815774,0.023412548
7,7,6,0.998839682,0.999656949,0.048172988,0.026193559
7,8,2,0.999327926,0.999562894,0.03666262,0.029567087
7,8,3,0.997927978,0.999552758,0.064374254,0.02990794
7,8,4,0.99784812,0.999364109,0.065603053,0.035662064
7,8,5,0.997647462,0.999608378,0.068593558,0.027986487
7,8,6,0.998557571,0.999580886,0.053710871,0.028952184
7,8,7,0.999002337,0.999635587,0.044669066,0.026996776
7,9,2,0.999941443,0.999964897,0.010821953,0.008378852
7,9,3,0.999908447,0.999961982,0.013531677,0.008719891
7,9,4,0.999906211,0.999971251,0.013695885,0.007582797
7,9,5,0.999695021,0.999966871,0.024697319,0.008139915
7,9,6,0.999842754,0.99996639,0.017733934,0.008198811
7,9,7,0.999903984,0.999966149,0.013857556,0.008228121
7,9,8,0.999864056,0.999968166,0.016489049,0.007979274
7,10,2,0.999568935,0.999733474,0.029362057,0.023087941
7,10,3,0.999329803,0.999779272,0.036611398,0.021010873
7,10,4,0.999492296,0.99985664,0.031865458,0.016932826
7,10,5,0.99941967,0.999787323,0.034068474,0.020624098
7,10,6,0.999002778,0.99980604,0.044659206,0.019695674
7,10,7,0.99936084,0.999800497,0.035753606,0.019975141
7,10,8,0.99944902,0.999870296,0.033195768,0.016106174
7,10,9,0.999270618,0.999825457,0.038193762,0.018683824
7,11,2,0.997842718,0.999897573,0.065685344,0.014312703
7,11,3,0.998182836,0.999882029,0.060285386,0.01536038
7,11,4,0.999709733,0.999915253,0.024094276,0.013019013
7,11,5,0.999774127,0.999943213,0.021254331,0.010657134
7,11,6,0.999716873,0.999943006,0.023796102,0.010676542
7,11,7,0.999775344,0.999934485,0.021196959,0.011446817
7,11,8,0.999799602,0.999941238,0.020019865,0.010840808
7,11,9,0.999622888,0.999925002,0.027463146,0.012247323
7,11,10,0.99968901,0.999924336,0.024939537,0.012301553
7,12,2,0.999899699,0.999978838,0.01416342,0.006505719
7,12,3,0.999827866,0.999946842,0.018554472,0.010310949
7,12,4,0.999876059,0.999970568,0.015744276,0.007672281
7,12,5,0.99987825,0.999973436,0.015604471,0.007288914
7,12,6,0.999876119,0.999982231,0.015740466,0.005961459
7,12,7,0.999852431,0.999962485,0.017179571,0.008662026
7,12,8,0.999829497,0.99996522,0.018466329,0.008340263
7,12,9,0.999849964,0.999978419,0.017322569,0.006569782
7,12,10,0.999798434,0.999964641,0.020078163,0.008409371
7,12,11,0.999821796,0.999967747,0.018878746,0.008031623
7,13,2,0.999821708,0.999902827,0.018883453,0.013940818
7,13,3,0.962571471,0.99986533,0.273600179,0.016411557
7,13,4,0.999637931,0.999928277,0.026909824,0.011976906
7,13,5,0.999725752,0.999925944,0.023420008,0.01217012
7,13,6,0.999695235,0.999911073,0.024688644,0.013336182
7,13,7,0.99961033,0.999924723,0.027916665,0.01227008
7,13,8,0.999719287,0.99992501,0.023694412,0.012246633
7,13,9,0.999728022,0.999918071,0.023322869,0.012800719
7,13,10,0.9997528,0.999915013,0.022235117,0.013037444
7,13,11,0.99976793,0.999916523,0.021543909,0.01292106
7,13,12,0.999436004,0.999917909,0.033585592,0.012813376
7,14,2,0.999838853,0.999928075,0.017952566,0.011993772
7,14,3,0.835070948,0.999905085,0.574332746,0.013777914
7,14,4,0.999625291,0.999916779,0.027375515,0.012901269
7,14,5,0.99976467,0.999927239,0.021694701,0.012063264
7,14,6,0.999741387,0.999906131,0.022742597,0.013701772
7,14,7,0.999730546,0.999954386,0.0232144,0.009551288
7,14,8,0.999612036,0.999957063,0.027855492,0.009266827
7,14,9,0.99961455,0.999959548,0.027765097,0.008994635
7,14,10,0.999551625,0.99994103,0.029945788,0.010860039
7,14,11,0.999603779,0.99995636,0.028150329,0.009342379
7,14,12,0.999610925,0.999957489,0.027895327,0.009220786
7,14,13,0.9995471,0.999938473,0.030096521,0.011092998
7,15,2,0.999925485,0.999962475,0.012207816,0.008663168
7,15,3,0.997634558,0.99997719,0.068781429,0.006754204
7,15,4,0.9999278,0.999977356,0.012016629,0.006729707
7,15,5,0.99992216,0.999976572,0.012477173,0.006845077
7,15,6,0.999910807,0.999974727,0.013356119,0.00710959
7,15,7,0.999923598,0.999976188,0.012361356,0.006900956
7,15,8,0.999838873,0.999970517,0.017951447,0.00767899
7,15,9,0.999869752,0.999976012,0.016139881,0.006926469
7,15,10,0.999918199,0.999975019,0.012790716,0.007068442
7,15,11,0.999863106,0.999975582,0.01654652,0.006988218
7,15,12,0.999886811,0.999974097,0.015045867,0.007197619
7,15,13,0.999879283,0.999973182,0.015538158,0.007323619
7,15,14,0.999923665,0.999975989,0.012355952,0.006929851
7,16,2,0.999960753,0.999987503,0.008859649,0.004999484
7,16,3,0.999955786,0.999974345,0.00940366,0.007163041
7,16,4,0.999914573,0.999978158,0.013071108,0.006609397
7,16,5,0.999921332,0.999988954,0.012543402,0.00470017
7,16,6,0.999929334,0.999989125,0.011888286,0.004663618
7,16,7,0.999921095,0.999990025,0.012562259,0.004466537
7,16,8,0.999884662,0.999977532,0.015188041,0.006703425
7,16,9,0.999888719,0.999982247,0.014918505,0.005958655
7,16,10,0.999878936,0.999980556,0.015560443,0.006236007
7,16,11,0.999904604,0.999979247,0.013812782,0.006442507
7,16,12,0.999888139,0.999985401,0.014957316,0.00540349
7,16,13,0.999878832,0.999968641,0.015567167,0.007919462
7,16,14,0.999905802,0.99997967,0.013725766,0.006376563
7,16,15,0.999885423,0.999986086,0.0151378,0.005275285
7,17,2,0.99942652,0.999805618,0.033866796,0.019717085
7,17,3,0.996445555,0.999875791,0.084314235,0.015761252
7,17,4,0.999081789,0.999758403,0.042853499,0.021981686
7,17,5,0.998861227,0.999716303,0.047723642,0.023820028
7,17,6,0.99934294,0.999819982,0.0362508,0.018974606
7,17,7,0.999362053,0.999839258,0.035719645,0.017929976
7,17,8,0.998623125,0.999887283,0.052476176,0.015014486
7,17,9,0.998871692,0.999921343,0.047503848,0.01254249
7,17,10,0.998794247,0.999680898,0.04910708,0.025262711
7,17,11,0.998818359,0.999864697,0.048613608,0.016450087
7,17,12,0.998831315,0.999373054,0.04834636,0.035410329
7,17,13,0.998956106,0.999890055,0.045692314,0.01482867
7,17,14,0.998352492,0.999831665,0.057402228,0.018348569
7,17,15,0.998207974,0.999421126,0.059866958,0.034025705
7,17,16,0.998789216,0.999546328,0.049209435,0.030122159
7,18,2,0.999435062,0.99990948,0.033613619,0.013455085
7,18,3,0.995922707,0.99992372,0.090302743,0.012351495
7,18,4,0.999802535,0.999974932,0.01987285,0.007080723
7,18,5,0.99980018,0.999929727,0.019991019,0.011855204
7,18,6,0.999774564,0.999933595,0.021233745,0.011524317
7,18,7,0.999729643,0.999945102,0.023253243,0.010478396
7,18,8,0.999907461,0.999976367,0.013604306,0.006875046
7,18,9,0.999819605,0.999938174,0.018994477,0.011119936
7,18,10,0.999813178,0.999946328,0.019329868,0.010360721
7,18,11,0.999834574,0.999950647,0.018189359,0.009935091
7,18,12,0.999824661,0.999960086,0.018726423,0.008934697
7,18,13,0.999822267,0.999942967,0.018853791,0.010680194
7,18,14,0.999924425,0.999956036,0.012294302,0.009376946
7,18,15,0.999812064,0.999955113,0.019387423,0.009474965
7,18,16,0.999811603,0.999953703,0.019411207,0.009622613
7,18,17,0.99993044,0.999955031,0.011794888,0.009483565
7,19,2,0.999815484,0.999932985,0.019210184,0.011577139
7,19,3,0.999748835,0.999941955,0.022412698,0.010774521
7,19,4,0.999628444,0.999938545,0.027260097,0.011086466
7,19,5,0.999747011,0.999915293,0.02249396,0.013015887
7,19,6,0.9997621,0.999916857,0.021812827,0.012895185
7,19,7,0.999802485,0.999922065,0.019875339,0.012484811
7,19,8,0.999384493,0.99994843,0.035085805,0.010155775
7,19,9,0.999541668,0.999970298,0.030276463,0.007707391
7,19,10,0.999536964,0.999964924,0.030431446,0.008375674
7,19,11,0.999521895,0.999966008,0.030922631,0.008245207
7,19,12,0.999551335,0.999972701,0.029955462,0.007389005
7,19,13,0.999521912,0.999970895,0.030922083,0.007629577
7,19,14,0.999469287,0.999939554,0.032579532,0.010995124
7,19,15,0.999459343,0.999909791,0.032883353,0.013432002
7,19,16,0.999462306,0.999924152,0.032793116,0.012316483
7,19,17,0.999354698,0.999748123,0.035924972,0.02244446
7,19,18,0.999410189,0.99994128,0.034345628,0.010837007
7,20,2,0.999993635,0.999997881,0.003568039,0.002058878
7,20,3,0.999805854,0.999996998,0.019705106,0.002450471
7,20,4,0.999989681,0.999998316,0.004542913,0.001835318
7,20,5,0.999985876,0.999997626,0.005314826,0.002178968
7,20,6,0.999990655,0.999997594,0.004323183,0.002193429
7,20,7,0.999988536,0.999997975,0.004788334,0.002012565
7,20,8,0.999990785,0.999997382,0.00429296,0.002288104
7,20,9,0.999992986,0.999998182,0.003745304,0.001906701
7,20,10,0.999991494,0.999998136,0.004124572,0.001930731
7,20,11,0.999994626,0.999998121,0.00327847,0.001938612
7,20,12,0.999990046,0.999997875,0.004461733,0.002061705
7,20,13,0.999991762,0.999998379,0.004058975,0.001800453
7,20,14,0.999993135,0.999998387,0.003705366,0.001795845
7,20,15,0.999993622,0.999997943,0.003571633,0.002028309
7,20,16,0.99999402,0.99999785,0.003458189,0.002073653
7,20,17,0.999992875,0.999997941,0.003774856,0.002029151
7,20,18,0.99999372,0.999997458,0.003544124,0.002254599
7,20,19,0.999993069,0.999997844,0.003723042,0.002076314
8,3,2,0.932747456,0.989924837,0.366749354,0.141951847
8,4,2,0.994210778,0.998313301,0.107603176,0.058080957
8,4,3,0.99460539,0.998475989,0.103871167,0.055208893
8,5,2,0.994421375,0.997400379,0.105627887,0.07210577
8,5,3,0.856668039,0.997290702,0.53541005,0.073611114
8,5,4,0.990954964,0.997789255,0.134499335,0.06649429
8,6,2,0.999846717,0.999943602,0.017509054,0.01062058
8,6,3,0.99985659,0.999946771,0.016935771,0.010317828
8,6,4,0.999813136,0.999956016,0.019332072,0.009379073
8,6,5,0.999843887,0.999946108,0.017669908,0.01038191
8,7,2,0.99963285,0.999752997,0.027097952,0.022226249
8,7,3,0.999400573,0.999815917,0.034624468,0.019187674
8,7,4,0.999298146,0.999819437,0.037466087,0.019003293
8,7,5,0.999444194,0.999831646,0.03334086,0.018349603
8,7,6,0.999327876,0.999847136,0.036663987,0.017485087
8,8,2,0.995175729,0.998846497,0.098226992,0.048031303
8,8,3,0.991333619,0.998909658,0.13165395,0.046697793
8,8,4,0.996883075,0.999187864,0.078954728,0.040302256
8,8,5,0.993656195,0.999214882,0.112639294,0.039626199
8,8,6,0.996903248,0.999224428,0.078698823,0.039384564
8,8,7,0.997363759,0.999200319,0.072611861,0.039992016
8,9,2,0.997176963,0.999521877,0.075140366,0.030923232
8,9,3,0.99846595,0.999479099,0.055390438,0.032276965
8,9,4,0.998217475,0.999695081,0.059708032,0.024694904
8,9,5,0.99598031,0.99957903,0.089662593,0.029016191
8,9,6,0.998038493,0.999677974,0.062633965,0.025378175
8,9,7,0.998376127,0.99968864,0.056989006,0.02495434
8,9,8,0.998829568,0.999556413,0.048382473,0.029785466
8,10,2,0.99867833,0.999688508,0.051413431,0.024959662
8,10,3,0.999276394,0.999611883,0.038042234,0.027860971
8,10,4,0.998928629,0.999590653,0.046289758,0.028612839
8,10,5,0.9990535,0.999558061,0.04350861,0.029730073
8,10,6,0.99900761,0.999486035,0.044550871,0.032061357
8,10,7,0.999087167,0.999507821,0.042727818,0.031374492
8,10,8,0.999155967,0.999667562,0.041086092,0.025785208
8,10,9,0.998665086,0.999693206,0.051670384,0.024770689
8,11,2,0.999919154,0.999946933,0.012715845,0.0103021
8,11,3,0.998521915,0.999932794,0.054370663,0.011593642
8,11,4,0.999834337,0.999949488,0.018202351,0.010051049
8,11,5,0.999841542,0.999956218,0.017802151,0.009357523
8,11,6,0.999842081,0.99995827,0.017771833,0.00913566
8,11,7,0.999796866,0.999945857,0.020156114,0.01040609
8,11,8,0.999813731,0.999942716,0.019301252,0.010703633
8,11,9,0.999799235,0.99994051,0.02003821,0.010907841
8,11,10,0.999667774,0.999950474,0.025776971,0.009952535
8,12,2,0.999757598,0.999865776,0.022018271,0.016384373
8,12,3,0.999585142,0.999847812,0.028804778,0.017446395
8,12,4,0.999738298,0.999871876,0.022878031,0.016007774
8,12,5,0.99973478,0.999848098,0.023031274,0.017429947
8,12,6,0.999439355,0.999896281,0.033485663,0.014402688
8,12,7,0.999664044,0.999830993,0.025921272,0.01838514
8,12,8,0.999614607,0.999867363,0.027763025,0.016287246
8,12,9,0.999672031,0.999866858,0.02561127,0.016318226
8,12,10,0.999590567,0.99986935,0.028615838,0.016164782
8,12,11,0.999523077,0.999865754,0.030884391,0.01638572
8,13,2,0.999799278,0.999837012,0.02003608,0.01805482
8,13,3,0.2696291,0.999835851,1.208611518,0.018118976
8,13,4,0.999581981,0.999889011,0.028914305,0.014898914
8,13,5,0.999646437,0.999890006,0.026591849,0.01483202
8,13,6,0.999581866,0.999872902,0.028918293,0.015943547
8,13,7,0.999673842,0.999909029,0.025540465,0.013488604
8,13,8,0.999553803,0.999874331,0.029872979,0.015853638
8,13,9,0.999380973,0.999912364,0.035186001,0.01323901
8,13,10,0.99950637,0.999856999,0.031420692,0.01691158
8,13,11,0.999544769,0.999905976,0.030173861,0.013713049
8,13,12,0.999430318,0.999866866,0.033754464,0.016317731
8,14,2,0.998901307,0.999460725,0.046876281,0.032841299
8,14,3,0.996962593,0.999370372,0.077941096,0.03548601
8,14,4,0.998697353,0.999571056,0.051042077,0.029289712
8,14,5,0.998279562,0.999597578,0.058658976,0.028369756
8,14,6,0.998647303,0.99961139,0.052013399,0.027878648
8,14,7,0.997850862,0.999634706,0.06556124,0.0270294
8,14,8,0.998666809,0.999601125,0.051637018,0.028244466
8,14,9,0.998364677,0.99937682,0.057189567,0.035303837
8,14,10,0.998565859,0.999514883,0.053556344,0.031148588
8,14,11,0.998137623,0.999497753,0.061030769,0.031693768
8,14,12,0.997918336,0.999411153,0.064523856,0.03431756
8,14,13,0.996628523,0.999479326,0.082115486,0.03226991
8,15,2,0.999942386,0.999988695,0.01073443,0.004755029
8,15,3,0.999873946,0.999982884,0.015877906,0.005850792
8,15,4,0.999890288,0.999978702,0.014812963,0.006526528
8,15,5,0.999946911,0.999982744,0.01030428,0.005874718
8,15,6,0.999952199,0.999980256,0.009777618,0.006283987
8,15,7,0.999874539,0.999981211,0.015840531,0.00613013
8,15,8,0.999889846,0.999976076,0.014842769,0.006917262
8,15,9,0.999926646,0.999966812,0.012112328,0.008147125
8,15,10,0.999920771,0.99997329,0.012588035,0.007308931
8,15,11,0.999916796,0.999963395,0.012899909,0.008556231
8,15,12,0.999885207,0.999971743,0.015152122,0.007517566
8,15,13,0.999917619,0.99997014,0.012835941,0.007727904
8,15,14,0.999928694,0.999971036,0.011942007,0.007611009
8,16,2,0.999962255,0.999984977,0.008688479,0.00548137
8,16,3,0.999869101,0.999977924,0.016180168,0.006644664
8,16,4,0.999910126,0.999988509,0.013406977,0.004794045
8,16,5,0.999947514,0.999991377,0.01024557,0.004152737
8,16,6,0.999912759,0.999990073,0.013209139,0.004455689
8,16,7,0.999957658,0.99998597,0.009202344,0.005297185
8,16,8,0.999964342,0.999987646,0.008444931,0.00497072
8,16,9,0.999919266,0.999978729,0.012706978,0.006522487
8,16,10,0.999963089,0.999983994,0.008591942,0.005657887
8,16,11,0.999964916,0.999981011,0.008376664,0.006162689
8,16,12,0.999961049,0.999983149,0.008826176,0.005805308
8,16,13,0.999967726,0.999981446,0.008034129,0.006091635
8,16,14,0.999961383,0.999984308,0.008788289,0.005602117
8,16,15,0.999946092,0.999982264,0.01038344,0.005955775
8,17,2,0.999889712,0.999974111,0.014851784,0.007195705
8,17,3,0.999573219,0.999987353,0.029215767,0.005029378
8,17,4,0.99993959,0.999982334,0.010991797,0.005944017
8,17,5,0.999883991,0.999979722,0.015232113,0.006368405
8,17,6,0.999891162,0.999975918,0.014753846,0.006939963
8,17,7,0.999915903,0.999974478,0.012968938,0.007144465
8,17,8,0.99986571,0.999984761,0.016388434,0.005520733
8,17,9,0.999896538,0.99998223,0.014384822,0.005961519
8,17,10,0.999854955,0.999981045,0.017032054,0.006157148
8,17,11,0.999897065,0.999980225,0.014348157,0.006288905
8,17,12,0.99987044,0.999982432,0.016097195,0.005927507
8,17,13,0.999907713,0.999978321,0.013585767,0.006584682
8,17,14,0.99991234,0.999980221,0.013240876,0.006289553
8,17,15,0.999892916,0.999984964,0.014634447,0.005483784
8,17,16,0.999810466,0.999981748,0.019469687,0.006041807
8,18,2,0.999911183,0.999932578,0.013327909,0.011612255
8,18,3,0.988891929,0.999966521,0.149050801,0.008182842
8,18,4,0.999928534,0.999980732,0.011955403,0.00620773
8,18,5,0.999918704,0.999980926,0.01275119,0.006176459
8,18,6,0.999912694,0.999978461,0.013214053,0.006563328
8,18,7,0.999917649,0.999981519,0.012833612,0.00607959
8,18,8,0.999876932,0.999977756,0.01568872,0.006669876
8,18,9,0.999931663,0.999975822,0.011690793,0.006953786
8,18,10,0.999891799,0.999979569,0.014710614,0.006392399
8,18,11,0.999939789,0.999979633,0.010973676,0.006382268
8,18,12,0.999907421,0.99998026,0.013607252,0.006283238
8,18,13,0.999920187,0.999980175,0.012634337,0.006296824
8,18,14,0.999935845,0.999980806,0.011327416,0.006195815
8,18,15,0.999916469,0.999977945,0.012925232,0.006641536
8,18,16,0.999921725,0.999987966,0.01251196,0.004906006
8,18,17,0.999936487,0.999984561,0.011270625,0.005556881
8,19,2,0.999963089,0.9999911,0.008591922,0.004218887
8,19,3,0.999471661,0.999991218,0.032506595,0.004190935
8,19,4,0.999965235,0.99999245,0.008338508,0.003885757
8,19,5,0.99996044,0.999995843,0.008894979,0.002883429
8,19,6,0.999972393,0.999994821,0.007430602,0.003218373
8,19,7,0.999970683,0.999995461,0.007657303,0.003012994
8,19,8,0.999946126,0.999992259,0.010380151,0.003934827
8,19,9,0.999955253,0.999991945,0.009460081,0.004013631
8,19,10,0.999958112,0.999990593,0.009152904,0.004337431
8,19,11,0.999947286,0.999993818,0.010267816,0.003516329
8,19,12,0.999955063,0.999988024,0.009480175,0.004894062
8,19,13,0.999957915,0.999993472,0.009174375,0.00361319
8,19,14,0.999952668,0.999989887,0.009729497,0.004497311
8,19,15,0.99995424,0.999991026,0.009566574,0.004236607
8,19,16,0.999926501,0.999987153,0.012124268,0.005068934
8,19,17,0.99992431,0.999989815,0.012303628,0.004513268
8,19,18,0.999928339,0.99999257,0.011971712,0.003854805
8,20,2,0.999992401,0.999998244,0.0038985,0.001874157
8,20,3,0.999983296,0.999996538,0.0057799,0.002631253
8,20,4,0.999993383,0.999997865,0.003637895,0.002066634
8,20,5,0.999993093,0.999997461,0.003716747,0.002253436
8,20,6,0.999993635,0.99999816,0.003567855,0.001918356
8,20,7,0.999993749,0.999997395,0.003535685,0.00228257
8,20,8,0.999994873,0.999997425,0.003202045,0.002269214
8,20,9,0.999991029,0.999997419,0.00423583,0.002271857
8,20,10,0.999991626,0.999997293,0.004092368,0.002326597
8,20,11,0.999993831,0.999997652,0.003512435,0.002167081
8,20,12,0.999993546,0.999996963,0.003592718,0.002464633
8,20,13,0.999993871,0.999996677,0.003501001,0.00257806
8,20,14,0.999995208,0.999997468,0.003095931,0.002250293
8,20,15,0.999991926,0.99999779,0.004018465,0.002102246
8,20,16,0.999994477,0.999997754,0.003323452,0.002119612
8,20,17,0.999994295,0.999998019,0.003377872,0.00199047
8,20,18,0.99999446,0.999997898,0.003328718,0.002050122
8,20,19,0.999993119,0.999997679,0.003709837,0.002154359
9,3,2,0.989454851,0.996243033,0.145224993,0.086682954
9,4,2,0.998172493,0.999051967,0.060456714,0.043543836
9,4,3,0.997171596,0.999099304,0.075211752,0.04244282
9,5,2,0.990867849,0.998290893,0.135145484,0.058465487
9,5,3,0.591771595,0.997503988,0.903579996,0.070654255
9,5,4,0.992615157,0.998189607,0.121530595,0.06017296
9,6,2,0.995489256,0.998279814,0.09498151,0.058654688
9,6,3,0.996001786,0.997866946,0.089422754,0.065315452
9,6,4,0.993507107,0.997672524,0.113955194,0.068227207
9,6,5,0.995030577,0.997988679,0.09969376,0.063424303
9,7,2,0.999155147,0.999604333,0.041106036,0.02813067
9,7,3,0.998199127,0.999535558,0.060014542,0.03047761
9,7,4,0.997115667,0.999319007,0.075951734,0.036905083
9,7,5,0.998601123,0.999478776,0.052893806,0.03228695
9,7,6,0.998798636,0.99952055,0.049017632,0.030966114
9,8,2,0.998700141,0.999808169,0.050987427,0.019587317
9,8,3,0.998291011,0.999375639,0.058463483,0.035337256
9,8,4,0.998203848,0.999432375,0.059935837,0.033693468
9,8,5,0.99811124,0.999560805,0.061461532,0.02963765
9,8,6,0.998070111,0.999627363,0.062127116,0.027299723
9,8,7,0.998883781,0.999633969,0.047248678,0.027056634
9,9,2,0.999402513,0.999775087,0.034568392,0.021209091
9,9,3,0.999538829,0.999812237,0.030370092,0.019378516
9,9,4,0.999369612,0.999839566,0.035507398,0.017912772
9,9,5,0.999195144,0.999739945,0.040121212,0.0228059
9,9,6,0.998951642,0.999856701,0.04578992,0.016929218
9,9,7,0.999373038,0.999707237,0.035410779,0.024197662
9,9,8,0.998800693,0.999745047,0.048975644,0.022581113
9,10,2,0.999966221,0.999974881,0.008219396,0.00708785
9,10,3,0.99996375,0.999982774,0.008514712,0.005869535
9,10,4,0.999970099,0.999990448,0.007733138,0.004370916
9,10,5,0.999962626,0.999988962,0.008645706,0.00469845
9,10,6,0.999948222,0.999991526,0.010176275,0.004116801
9,10,7,0.999972636,0.999987576,0.007397905,0.004984825
9,10,8,0.999970699,0.999990688,0.007655151,0.004315593
9,10,9,0.999967457,0.999988801,0.008067576,0.004732655
9,11,2,0.998695029,0.999381502,0.051087586,0.03517095
9,11,3,0.988957665,0.999239453,0.148609118,0.039001212
9,11,4,0.998588553,0.999466528,0.05313092,0.032664105
9,11,5,0.998894116,0.999602498,0.047029429,0.028195816
9,11,6,0.997697633,0.999488862,0.067858188,0.031973056
9,11,7,0.998586111,0.999441851,0.053176854,0.033411033
9,11,8,0.997917011,0.999439966,0.064544391,0.033467426
9,11,9,0.998094437,0.99939831,0.061734317,0.03468978
9,11,10,0.998727485,0.999407927,0.050448285,0.034411435
9,12,2,0.998190308,0.999971046,0.060161318,0.007609665
9,12,3,0.999927494,0.999963299,0.012042081,0.008567466
9,12,4,0.999917176,0.999966786,0.01287043,0.008150397
9,12,5,0.999917287,0.999959671,0.012861777,0.008980961
9,12,6,0.999901358,0.999972835,0.014045748,0.007370885
9,12,7,0.999929339,0.999963034,0.011887933,0.008598316
9,12,8,0.999865822,0.999968636,0.01638159,0.007920051
9,12,9,0.999874186,0.999949653,0.015862762,0.010034685
9,12,10,0.999894298,0.999960296,0.014539751,0.008911133
9,12,11,0.999898628,0.999959653,0.014238838,0.008982993
9,13,2,0.999891692,0.999935808,0.014717881,0.01133071
9,13,3,0.998248371,0.999925579,0.059188326,0.012200114
9,13,4,0.99987019,0.999953969,0.016112733,0.009594881
9,13,5,0.999865338,0.999952968,0.016411084,0.009698704
9,13,6,0.999854559,0.999952775,0.017055241,0.00971859
9,13,7,0.999804427,0.999938485,0.019777399,0.011091862
9,13,8,0.999798534,0.999945712,0.020073187,0.010419977
9,13,9,0.999821693,0.999943674,0.018884232,0.010613775
9,13,10,0.999802501,0.99995099,0.019874555,0.009900497
9,13,11,0.999798143,0.99995222,0.020092658,0.009775463
9,13,12,0.999827486,0.999951855,0.018574948,0.009812762
9,14,2,0.999916943,0.999954566,0.012888544,0.009532514
9,14,3,0.999853094,0.999954314,0.017140938,0.009558897
9,14,4,0.999915215,0.999968575,0.013021918,0.007927814
9,14,5,0.999887885,0.999962756,0.014974308,0.008630608
9,14,6,0.999893272,0.999969724,0.014610101,0.007781519
9,14,7,0.999853329,0.999971059,0.017127233,0.007608076
9,14,8,0.999871789,0.999968865,0.016013191,0.007891184
9,14,9,0.999924308,0.999971009,0.012303854,0.007614624
9,14,10,0.999933042,0.999971726,0.011572234,0.007519782
9,14,11,0.9999362,0.999966222,0.011296035,0.008219305
9,14,12,0.999918234,0.999967207,0.012787973,0.008098538
9,14,13,0.999929548,0.999974579,0.01187031,0.007130415
9,15,2,0.9992037,0.999691985,0.039907402,0.024819968
9,15,3,0.986103298,0.999575436,0.166713541,0.029139812
9,15,4,0.999024647,0.999575482,0.044166809,0.029138238
9,15,5,0.998336702,0.999564147,0.057676655,0.029524673
9,15,6,0.998866981,0.999672103,0.047602917,0.025608494
9,15,7,0.99897978,0.999573878,0.045171229,0.029193211
9,15,8,0.99870402,0.999713675,0.050911292,0.023930105
9,15,9,0.998716977,0.999659351,0.050656164,0.026101672
9,15,10,0.998154175,0.999638,0.060758958,0.026907257
9,15,11,0.998806963,0.999643939,0.048847451,0.026685603
9,15,12,0.998613702,0.999616296,0.052655452,0.027702116
9,15,13,0.998793739,0.999619533,0.049117435,0.027585043
9,15,14,0.998532112,0.999641994,0.054182805,0.026758389
9,16,2,0.999958349,0.99997933,0.009126988,0.006429554
9,16,3,0.999707464,0.999990508,0.02418828,0.004357024
9,16,4,0.999970588,0.999993529,0.007669708,0.003597558
9,16,5,0.999948019,0.999993846,0.010196173,0.003508172
9,16,6,0.999971331,0.999994288,0.007572155,0.003379895
9,16,7,0.999969392,0.999993239,0.00782402,0.003677217
9,16,8,0.999973831,0.999994124,0.007234555,0.00342819
9,16,9,0.999968879,0.999991351,0.007889304,0.004159121
9,16,10,0.999971667,0.999994178,0.007527644,0.003412235
9,16,11,0.99996884,0.999993291,0.0078943,0.003663113
9,16,12,0.999975277,0.999993095,0.007031762,0.003716279
9,16,13,0.999979292,0.999993608,0.006435481,0.003575562
9,16,14,0.999975754,0.999989404,0.006963685,0.004603369
9,16,15,0.999974978,0.999990995,0.00707414,0.004243812
9,17,2,0.999724431,0.999925968,0.023476341,0.012168142
9,17,3,0.980067437,0.999921187,0.199662528,0.012554898
9,17,4,0.999781854,0.999916696,0.020887608,0.012907664
9,17,5,0.999748642,0.999938085,0.022421329,0.011127884
9,17,6,0.999796857,0.999929525,0.020156555,0.011872206
9,17,7,0.999826195,0.999921393,0.018644276,0.012538486
9,17,8,0.999703339,0.999928643,0.024358193,0.011946333
9,17,9,0.999609061,0.999929556,0.027962087,0.011869615
9,17,10,0.999615037,0.999935305,0.027747535,0.011375012
9,17,11,0.999590078,0.999937262,0.028632912,0.011201597
9,17,12,0.999665224,0.999939128,0.025875685,0.011033805
9,17,13,0.99967675,0.999952998,0.02542635,0.009695559
9,17,14,0.999690282,0.999915952,0.02488846,0.012965153
9,17,15,0.999725264,0.999941006,0.023440839,0.010862252
9,17,16,0.999281857,0.999928794,0.037898371,0.011933659
9,18,2,0.99985464,0.999934292,0.017050494,0.011463651
9,18,3,0.999434817,0.999929768,0.033620922,0.011851711
9,18,4,0.999847989,0.999938616,0.017436237,0.011080078
9,18,5,0.999863739,0.999933804,0.016508246,0.011506154
9,18,6,0.999783585,0.999935594,0.02080455,0.011349554
9,18,7,0.999849187,0.999920407,0.017367385,0.012616895
9,18,8,0.999830871,0.999944658,0.018391804,0.010520628
9,18,9,0.999862896,0.999932016,0.016559252,0.011660572
9,18,10,0.999838827,0.999949448,0.017953969,0.010055077
9,18,11,0.999846936,0.99994377,0.01749649,0.010604697
9,18,12,0.999751872,0.999937146,0.022276795,0.011211951
9,18,13,0.999866662,0.999935047,0.016330215,0.011397615
9,18,14,0.999829897,0.999934613,0.018444682,0.011435667
9,18,15,0.999851659,0.999942011,0.017224433,0.010769342
9,18,16,0.999890646,0.999953359,0.014788812,0.009658275
9,18,17,0.999879395,0.999952345,0.015530955,0.009762665
9,19,2,0.999968515,0.999983579,0.00793536,0.005730786
9,19,3,0.952845057,0.99998695,0.307099148,0.005108859
9,19,4,0.999925603,0.999983266,0.012198099,0.005785236
9,19,5,0.999910749,0.999980992,0.013360481,0.006165713
9,19,6,0.999952578,0.999981333,0.009738796,0.006110085
9,19,7,0.99992522,0.999984589,0.012229466,0.005551807
9,19,8,0.999923718,0.999986212,0.012351666,0.005251195
9,19,9,0.999918048,0.999984167,0.012802483,0.005627318
9,19,10,0.999930473,0.999987014,0.011792137,0.005096277
9,19,11,0.999941957,0.999985977,0.010774356,0.00529577
9,19,12,0.999920572,0.999988554,0.01260382,0.004784584
9,19,13,0.99994652,0.999985833,0.010342161,0.005322878
9,19,14,0.999937373,0.999979491,0.011191659,0.006404459
9,19,15,0.999931413,0.999983379,0.011712157,0.005765618
9,19,16,0.999897329,0.999982108,0.014329735,0.00598189
9,19,17,0.999868452,0.999981769,0.01622024,0.006038452
9,19,18,0.999861492,0.999978474,0.016643789,0.006561357
9,20,2,0.99992583,0.999963719,0.012179486,0.008518354
9,20,3,0.999750763,0.999968801,0.022326524,0.007899181
9,20,4,0.999859332,0.999981181,0.016773068,0.006134941
9,20,5,0.999862092,0.99997074,0.016607726,0.007649866
9,20,6,0.999910767,0.99996592,0.013359121,0.00825586
9,20,7,0.999912372,0.999973172,0.013238393,0.007325058
9,20,8,0.999917277,0.999977465,0.012862544,0.006713466
9,20,9,0.999939837,0.999976813,0.010969316,0.006809888
9,20,10,0.99991503,0.999979188,0.013036074,0.006451666
9,20,11,0.99992717,0.999977616,0.01206899,0.006690921
9,20,12,0.999925079,0.999977211,0.012241014,0.006751164
9,20,13,0.999931,0.999980524,0.011747376,0.006241128
9,20,14,0.999917065,0.999973542,0.012879048,0.007274374
9,20,15,0.999900791,0.999972195,0.014086099,0.007457277
9,20,16,0.999895361,0.999977038,0.014466452,0.006776787
9,20,17,0.999889271,0.999977967,0.014881497,0.006638224
9,20,18,0.999873211,0.999975704,0.015924137,0.00697076
9,20,19,0.999864048,0.999977886,0.016489539,0.006650488
10,3,2,0.010875516,0.99414558,1.406502388,0.108207391
10,4,2,0.999349391,0.999514132,0.036072404,0.031172682
10,4,3,0.998203212,0.99922406,0.059946446,0.039393905
10,5,2,0.997143745,0.99930858,0.075581147,0.037186557
10,5,3,0.998735034,0.999569014,0.050298424,0.029359375
10,5,4,0.998889691,0.999734833,0.04712343,0.023028965
10,6,2,0.99841367,0.999314024,0.056326377,0.037039873
10,6,3,0.991783936,0.999812702,0.128187859,0.019354476
10,6,4,0.998643289,0.999592691,0.052090521,0.028541511
10,6,5,0.998755898,0.999496466,0.049881898,0.031734321
10,7,2,0.998166255,0.999826912,0.060559807,0.018605787
10,7,3,0.999640424,0.999840747,0.026817006,0.017846721
10,7,4,0.999458641,0.999872712,0.03290467,0.015955445
10,7,5,0.999695372,0.999884997,0.024683095,0.015165964
10,7,6,0.999588719,0.999869693,0.028680346,0.016143566
10,8,2,0.999613073,0.999833509,0.027818229,0.018247793
10,8,3,0.986621466,0.999737048,0.163575876,0.022932608
10,8,4,0.9992437,0.999898002,0.03889215,0.014282735
10,8,5,0.99956163,0.99982255,0.0296098,0.018838814
10,8,6,0.999441807,0.999803573,0.033412366,0.019820549
10,8,7,0.999332181,0.999791627,0.036546385,0.020414373
10,9,2,0.998479839,0.999194428,0.055139118,0.040139067
10,9,3,0.999375156,0.999753928,0.035350916,0.022184322
10,9,4,0.998780074,0.999804944,0.049394848,0.019751273
10,9,5,0.998323478,0.999521579,0.057905476,0.030932851
10,9,6,0.998701925,0.999588417,0.050952434,0.028690883
10,9,7,0.998810784,0.999544818,0.04876917,0.030172248
10,9,8,0.998738223,0.999584566,0.050234991,0.028824791
10,10,2,0.999856424,0.999893018,0.016945539,0.014627534
10,10,3,0.999359275,0.999867385,0.035797351,0.016285909
10,10,4,0.999780734,0.999900017,0.020941147,0.01414093
10,10,5,0.999805247,0.999903153,0.019735906,0.013917378
10,10,6,0.999610655,0.999867467,0.027905002,0.016280848
10,10,7,0.999696025,0.999875466,0.024656641,0.015781883
10,10,8,0.999699008,0.999868982,0.024535348,0.016187536
10,10,9,0.999698094,0.999853483,0.024572586,0.01711823
10,11,2,0.987761719,0.999972203,0.156449868,0.007456189
10,11,3,0.999913395,0.999975834,0.013160896,0.00695216
10,11,4,0.999913147,0.999984651,0.013179777,0.005540545
10,11,5,0.99994817,0.999982933,0.010181396,0.005842461
10,11,6,0.999935771,0.999983432,0.011333899,0.00575637
10,11,7,0.999953654,0.999983731,0.009627629,0.005704273
10,11,8,0.999953752,0.999979704,0.00961749,0.006371159
10,11,9,0.999958678,0.999978463,0.009090835,0.006563021
10,11,10,0.999947798,0.999981261,0.010217829,0.006121962
10,12,2,0.999823493,0.999909342,0.018788641,0.013465343
10,12,3,0.989465832,0.999951423,0.14514936,0.009856674
10,12,4,0.999827856,0.999949842,0.018554986,0.010015826
10,12,5,0.999812197,0.999911288,0.019380569,0.013320028
10,12,6,0.999825756,0.999938125,0.018667843,0.011124333
10,12,7,0.999806844,0.999924312,0.019654843,0.012303503
10,12,8,0.999726596,0.999949633,0.023383941,0.010036668
10,12,9,0.999772038,0.999939002,0.021352389,0.011045143
10,12,10,0.999710757,0.99991781,0.024051729,0.012821098
10,12,11,0.999689457,0.999938315,0.024921617,0.011107235
10,13,2,0.999866954,0.999921086,0.016312321,0.012563
10,13,3,0.999752046,0.999896958,0.022268993,0.014355625
10,13,4,0.999706194,0.999945104,0.024240728,0.010478211
10,13,5,0.999799547,0.999937466,0.02002266,0.011183408
10,13,6,0.999741755,0.999938326,0.022726398,0.011106242
10,13,7,0.999768758,0.999937212,0.021505459,0.01120603
10,13,8,0.999750364,0.999949561,0.02234438,0.010043803
10,13,9,0.99979378,0.999931778,0.020308627,0.011680965
10,13,10,0.999795476,0.999936234,0.020224935,0.01129303
10,13,11,0.999808505,0.99993077,0.019570139,0.011766935
10,13,12,0.999718098,0.999931157,0.023744566,0.011734008
10,14,2,0.999822583,0.99989969,0.018837013,0.014164031
10,14,3,0.998174825,0.999888826,0.06041813,0.01491134
10,14,4,0.999741372,0.999931104,0.022743247,0.011738508
10,14,5,0.999704638,0.999898535,0.024304826,0.014245353
10,14,6,0.999684081,0.999903981,0.0251364,0.013857749
10,14,7,0.9996666,0.99988949,0.025822487,0.014866775
10,14,8,0.999790562,0.999879293,0.02046647,0.015537494
10,14,9,0.999759082,0.99988924,0.02195078,0.014883558
10,14,10,0.999740909,0.9998858,0.02276363,0.015112922
10,14,11,0.999779123,0.999880953,0.021017926,0.015430319
10,14,12,0.999741298,0.999888914,0.022746506,0.01490543
10,14,13,0.999785706,0.999902065,0.02070237,0.013995377
10,15,2,0.999953812,0.999979894,0.009611278,0.006341302
10,15,3,0.989290598,0.999971166,0.146351648,0.007593978
10,15,4,0.999946452,0.999961596,0.010348719,0.008764021
10,15,5,0.999932875,0.999978664,0.011586623,0.006532451
10,15,6,0.999942799,0.999980162,0.010695884,0.006298902
10,15,7,0.999943271,0.999972132,0.010651696,0.007465622
10,15,8,0.999919746,0.999976787,0.012669143,0.006813597
10,15,9,0.999912807,0.999969031,0.013205502,0.007870089
10,15,10,0.999917406,0.999983866,0.012852563,0.005680409
10,15,11,0.999912062,0.999976784,0.013261857,0.006814164
10,15,12,0.999915425,0.99997342,0.013005753,0.007291029
10,15,13,0.999926027,0.999967143,0.01216331,0.008106449
10,15,14,0.999920332,0.999970062,0.012622831,0.007738003
10,16,2,0.999911886,0.999955993,0.013275109,0.009381587
10,16,3,0.999855392,0.99994846,0.017006338,0.010152855
10,16,4,0.999903368,0.999967756,0.013901974,0.008030446
10,16,5,0.999863706,0.999958462,0.016510215,0.009114609
10,16,6,0.999906461,0.999948777,0.013677622,0.010121603
10,16,7,0.99987583,0.999962559,0.015758837,0.008653479
10,16,8,0.999895672,0.999961527,0.014444921,0.008771863
10,16,9,0.999864613,0.999938982,0.016455211,0.011046946
10,16,10,0.999847023,0.999946583,0.017491519,0.010336018
10,16,11,0.999875142,0.999949821,0.015802428,0.010017909
10,16,12,0.999905108,0.99995064,0.013776203,0.009935826
10,16,13,0.999907437,0.999949173,0.013606083,0.010082341
10,16,14,0.999920011,0.999957786,0.012648255,0.009188516
10,16,15,0.999895324,0.999958958,0.014468973,0.009060017
10,17,2,0.999976469,0.999984738,0.006860213,0.005524921
10,17,3,0.998880295,0.999985602,0.047322401,0.005366177
10,17,4,0.99997438,0.999985542,0.007158194,0.005377367
10,17,5,0.999974113,0.999986661,0.00719544,0.005165012
10,17,6,0.999965328,0.999986279,0.008327299,0.005238483
10,17,7,0.999971748,0.999985265,0.00751685,0.005428667
10,17,8,0.999954419,0.999988494,0.009547837,0.004797154
10,17,9,0.999939319,0.999987315,0.011016454,0.005036839
10,17,10,0.999957287,0.999987276,0.009242652,0.005044609
10,17,11,0.99996421,0.999987976,0.008460495,0.004903799
10,17,12,0.999957049,0.999988809,0.009268324,0.004730931
10,17,13,0.999966083,0.999986491,0.008236103,0.00519793
10,17,14,0.999966494,0.999985997,0.008186078,0.005292006
10,17,15,0.999969364,0.999985739,0.007827628,0.005340633
10,17,16,0.99995463,0.999987082,0.009525709,0.005082858
10,18,2,0.99996149,0.99998556,0.008776079,0.005374071
10,18,3,0.999670671,0.999976544,0.025664341,0.006849227
10,18,4,0.999957314,0.99998124,0.009239714,0.006125379
10,18,5,0.99996125,0.999980429,0.008803382,0.00625637
10,18,6,0.999949644,0.999981712,0.010035545,0.006047862
10,18,7,0.999963309,0.999985602,0.008566277,0.005366216
10,18,8,0.999954874,0.999983508,0.009500093,0.005743187
10,18,9,0.999934555,0.999978778,0.011440698,0.006514913
10,18,10,0.999943727,0.99998307,0.010608811,0.005818885
10,18,11,0.999945583,0.999979288,0.010432395,0.006436144
10,18,12,0.999932652,0.999979905,0.011605864,0.006339632
10,18,13,0.999961229,0.999980859,0.008805747,0.006187201
10,18,14,0.999950908,0.999983287,0.00990877,0.0057816
10,18,15,0.999949648,0.999981099,0.010035098,0.006148309
10,18,16,0.999930974,0.999981882,0.01174953,0.006019684
10,18,17,0.999932538,0.999982127,0.011615676,0.005978807
10,19,2,0.999387045,0.999764291,0.035012997,0.021712149
10,19,3,0.941572147,0.9997291,0.341841638,0.023276613
10,19,4,0.999427442,0.99977226,0.033839567,0.021341978
10,19,5,0.99926389,0.999747461,0.038369521,0.022473956
10,19,6,0.999459262,0.999810186,0.032885789,0.01948405
10,19,7,0.999410782,0.999812447,0.034328343,0.019367667
10,19,8,0.999543465,0.999844043,0.030217054,0.017661114
10,19,9,0.999190752,0.99971928,0.040230536,0.023694717
10,19,10,0.999321049,0.999707675,0.036849734,0.024179532
10,19,11,0.999419106,0.999687169,0.034085008,0.025013237
10,19,12,0.999193377,0.999711899,0.040165234,0.024004223
10,19,13,0.999307527,0.999697982,0.037214856,0.024577135
10,19,14,0.999540081,0.999801074,0.030328815,0.019946214
10,19,15,0.999539868,0.999805968,0.030335845,0.019699348
10,19,16,0.999462322,0.999836219,0.032792615,0.018098693
10,19,17,0.999500295,0.999824428,0.031613454,0.018738857
10,19,18,0.999433209,0.999842291,0.033668696,0.017760013
10,20,2,0.999981336,0.999989336,0.006109601,0.004618307
10,20,3,0.99286634,0.999987664,0.119445884,0.004967089
10,20,4,0.999972996,0.99998848,0.007349047,0.004799967
10,20,5,0.999974489,0.999990349,0.007142929,0.004393352
10,20,6,0.999975306,0.999989827,0.007027725,0.004510554
10,20,7,0.999973455,0.999990547,0.007286272,0.004348078
10,20,8,0.999966872,0.999991994,0.008139766,0.004001391
10,20,9,0.999966373,0.999992782,0.008200846,0.003799553
10,20,10,0.999969196,0.999991805,0.007849021,0.004048512
10,20,11,0.99996587,0.999991046,0.008261941,0.004231732
10,20,12,0.999962174,0.99999011,0.008697871,0.004447382
10,20,13,0.999964195,0.999992334,0.008462253,0.003915503
10,20,14,0.999973509,0.999991427,0.007278883,0.004140834
10,20,15,0.999964146,0.999990554,0.008468069,0.004346459
10,20,16,0.999953938,0.999991213,0.009598098,0.004192202
10,20,17,0.99995098,0.999988546,0.009901536,0.00478616
10,20,18,0.999957365,0.999991675,0.009234143,0.004080526
10,20,19,0.99994088,0.999988145,0.010873828,0.004869257
11,3,2,0.930641848,0.953693362,0.372446376,0.304324295
11,4,2,0.983400053,0.995702372,0.182208382,0.092710605
11,4,3,0.979064697,0.992604266,0.204623082,0.121620183
11,5,2,0.98802816,0.992364842,0.154737457,0.123573123
11,5,3,0.586647077,0.98159806,0.909233659,0.191843374
11,5,4,0.931013651,0.981044188,0.371446763,0.194709078
11,6,2,0.998115989,0.998931202,0.061384212,0.046234153
11,6,3,0.998815874,0.999641626,0.048664689,0.026772163
11,6,4,0.997924364,0.999283582,0.064430372,0.037852811
11,6,5,0.996913261,0.99908295,0.078571484,0.042826402
11,7,2,0.989357862,0.99944864,0.145891313,0.033207217
11,7,3,0.998995733,0.99959789,0.044816676,0.028358766
11,7,4,0.998529984,0.99962158,0.054222066,0.02751074
11,7,5,0.998772418,0.99952191,0.049549615,0.030922173
11,7,6,0.998586108,0.999606685,0.053176922,0.028046925
11,8,2,0.991537045,0.999467445,0.130099614,0.03263601
11,8,3,0.959205658,0.999397378,0.285637328,0.034716628
11,8,4,0.99887165,0.999687918,0.047504732,0.024983262
11,8,5,0.998888224,0.999555196,0.047154544,0.029826293
11,8,6,0.998694921,0.99936436,0.051089697,0.035655009
11,8,7,0.998957888,0.999511862,0.045653309,0.03124542
11,9,2,0.996808772,0.999682238,0.079890278,0.025209588
11,9,3,0.972444343,0.999834712,0.234757991,0.018181753
11,9,4,0.999589673,0.999824861,0.028647071,0.018715703
11,9,5,0.999105187,0.999787534,0.042303968,0.02061387
11,9,6,0.999528904,0.999826768,0.030695145,0.018613558
11,9,7,0.999562769,0.999809512,0.029571289,0.019518617
11,9,8,0.999399066,0.999837175,0.034667961,0.018045795
11,10,2,0.999538891,0.999848466,0.030368046,0.017408868
11,10,3,0.995538144,0.999854093,0.094465405,0.017082573
11,10,4,0.999664675,0.999894115,0.025896914,0.014552346
11,10,5,0.999592503,0.999911768,0.028548083,0.013283998
11,10,6,0.999488311,0.999838816,0.031990291,0.017954625
11,10,7,0.999647719,0.99984123,0.026543596,0.01781963
11,10,8,0.999565318,0.999856754,0.029484973,0.016926057
11,10,9,0.999675722,0.999854815,0.025466754,0.017040222
11,11,2,0.999940302,0.999965404,0.010926869,0.008318179
11,11,3,0.99985909,0.999957014,0.016787486,0.009272075
11,11,4,0.999915375,0.999968901,0.013009579,0.007886587
11,11,5,0.999929645,0.999970232,0.011862113,0.007715994
11,11,6,0.999893007,0.999966565,0.014628277,0.008177455
11,11,7,0.999879422,0.999970046,0.015529195,0.007739999
11,11,8,0.999908924,0.999966618,0.013496375,0.008170916
11,11,9,0.999910523,0.999961812,0.013377372,0.008739296
11,11,10,0.999904328,0.999968268,0.013832679,0.007966465
11,12,2,0.999908222,0.999960407,0.013548285,0.008898609
11,12,3,0.99980958,0.999954851,0.019515137,0.009502525
11,12,4,0.999894793,0.999976442,0.014505637,0.006864078
11,12,5,0.99989479,0.999960502,0.014505879,0.008887995
11,12,6,0.999849547,0.999966568,0.017346648,0.008177006
11,12,7,0.9998951,0.999959077,0.014484494,0.009046844
11,12,8,0.999843728,0.99995804,0.017678922,0.009160779
11,12,9,0.999889994,0.999970629,0.014832827,0.007664334
11,12,10,0.999899991,0.999958246,0.014142744,0.009138283
11,12,11,0.999895574,0.999961472,0.014451693,0.008778144
11,13,2,0.999877916,0.999963709,0.015625877,0.008519449
11,13,3,0.999721719,0.999943217,0.023591586,0.010656748
11,13,4,0.999852587,0.999951868,0.017170469,0.009811445
11,13,5,0.999854505,0.999947023,0.017058408,0.010293422
11,13,6,0.999867011,0.999951371,0.016308838,0.0098619
11,13,7,0.999834084,0.999935728,0.018216259,0.01133773
11,13,8,0.999851147,0.999941438,0.017254155,0.010822371
11,13,9,0.999810364,0.999936241,0.019474915,0.011292379
11,13,10,0.999827665,0.999934173,0.018565285,0.011474065
11,13,11,0.9998857,0.999933071,0.015119549,0.011569695
11,13,12,0.999845399,0.999931357,0.017584127,0.011716896
11,14,2,0.999745647,0.999834662,0.022554509,0.018184521
11,14,3,0.926494576,0.999882574,0.383419936,0.015324907
11,14,4,0.999700922,0.999894347,0.024457239,0.014536367
11,14,5,0.999676962,0.999907381,0.025418022,0.013610235
11,14,6,0.999709269,0.999883382,0.024113506,0.015272058
11,14,7,0.999725762,0.999928028,0.023419583,0.01199763
11,14,8,0.999651229,0.999903506,0.02641103,0.013892016
11,14,9,0.999664103,0.999898372,0.025919,0.014256819
11,14,10,0.99964331,0.999892652,0.026709186,0.014652518
11,14,11,0.999676914,0.999898954,0.025419913,0.014215876
11,14,12,0.999697197,0.999904324,0.024609054,0.013833034
11,14,13,0.999566562,0.999925967,0.029442749,0.012168278
11,15,2,0.998925299,0.999630288,0.046361634,0.027192341
11,15,3,0.998119973,0.999356532,0.061319287,0.035873895
11,15,4,0.997761093,0.999577508,0.066916469,0.029068603
11,15,5,0.998218647,0.999506926,0.059688414,0.031402983
11,15,6,0.998880899,0.999535937,0.047309636,0.030465145
11,15,7,0.99892889,0.999603875,0.046284125,0.028146937
11,15,8,0.998859382,0.999582979,0.04776228,0.028879798
11,15,9,0.998094583,0.999341056,0.061731949,0.036302727
11,15,10,0.998264914,0.999373422,0.058908164,0.035399934
11,15,11,0.998578592,0.999404363,0.053318071,0.034514849
11,15,12,0.998366943,0.999428861,0.057149923,0.033797608
11,15,13,0.998830896,0.999376224,0.048355023,0.035320705
11,15,14,0.998412662,0.999513234,0.056344264,0.031201464
11,16,2,0.999065181,0.999693017,0.043239322,0.024778348
11,16,3,0.998103652,0.999312689,0.06158487,0.037075887
11,16,4,0.998493733,0.999550475,0.054886552,0.029984152
11,16,5,0.996878605,0.999625557,0.079011331,0.027365778
11,16,6,0.995046822,0.999456261,0.099530681,0.032976941
11,16,7,0.99838943,0.999571064,0.05675509,0.029289442
11,16,8,0.998592709,0.999355096,0.05305264,0.035913909
11,16,9,0.997925484,0.999461705,0.064412982,0.032811428
11,16,10,0.998291163,0.999317871,0.058460884,0.036935872
11,16,11,0.998483547,0.9993755,0.05507183,0.035341203
11,16,12,0.998074353,0.999431945,0.062058795,0.033706235
11,16,13,0.99863796,0.999425432,0.052192716,0.033898914
11,16,14,0.998835951,0.999477654,0.048250371,0.032321704
11,16,15,0.998529642,0.999473937,0.054228373,0.0324365
11,17,2,0.999663551,0.999872674,0.025940295,0.015957848
11,17,3,0.994679702,0.999897898,0.103153266,0.014289977
11,17,4,0.999646906,0.999838013,0.026574186,0.01799925
11,17,5,0.999700087,0.999880321,0.024491332,0.015471219
11,17,6,0.99947316,0.999857275,0.032460431,0.016895238
11,17,7,0.999744749,0.999908078,0.022594274,0.013558939
11,17,8,0.999420504,0.999888868,0.034043967,0.014908494
11,17,9,0.999543731,0.999859632,0.03020826,0.016755194
11,17,10,0.999401549,0.999905979,0.03459626,0.013712844
11,17,11,0.999651013,0.999903589,0.026419182,0.013886024
11,17,12,0.999559746,0.999902817,0.029673349,0.013941523
11,17,13,0.999638478,0.999840695,0.026889477,0.017849634
11,17,14,0.999620522,0.99984167,0.027549161,0.017794942
11,17,15,0.999636999,0.999877833,0.026944441,0.015631189
11,17,16,0.999360466,0.999870911,0.035764069,0.016067928
11,18,2,0.999939173,0.999984853,0.011029648,0.005504002
11,18,3,0.99938562,0.999959559,0.035053676,0.008993437
11,18,4,0.999941592,0.999978092,0.010808145,0.006619402
11,18,5,0.99986535,0.999970587,0.016410368,0.007669766
11,18,6,0.999860378,0.99995749,0.016710574,0.009220666
11,18,7,0.999945813,0.999969926,0.010410297,0.007755572
11,18,8,0.999931276,0.999974298,0.011723818,0.007169617
11,18,9,0.999868209,0.999956092,0.016235211,0.009371069
11,18,10,0.999896004,0.999975077,0.014421912,0.007060157
11,18,11,0.999933815,0.999969286,0.011505199,0.007837648
11,18,12,0.999897386,0.999973183,0.01432575,0.007323492
11,18,13,0.999940579,0.999970059,0.010901499,0.007738361
11,18,14,0.999933641,0.999974961,0.011520351,0.007076589
11,18,15,0.99992584,0.999972076,0.012178674,0.00747321
11,18,16,0.999950795,0.999976383,0.009920135,0.00687266
11,18,17,0.999909338,0.99997496,0.013465648,0.007076688
11,19,2,0.999767222,0.999886527,0.021576738,0.015064744
11,19,3,0.998134681,0.999870381,0.061078955,0.016100861
11,19,4,0.999824673,0.999923771,0.018725744,0.012347414
11,19,5,0.999682625,0.999878033,0.025194237,0.015618372
11,19,6,0.999726933,0.999902073,0.023369513,0.013994765
11,19,7,0.999748065,0.999899277,0.022447032,0.014193195
11,19,8,0.999817304,0.999918204,0.019115226,0.012790343
11,19,9,0.999666889,0.999887558,0.025811277,0.014996163
11,19,10,0.999689151,0.999869711,0.02493387,0.016142455
11,19,11,0.999697867,0.999875238,0.024581829,0.015796354
11,19,12,0.999752804,0.99988104,0.022234916,0.015424631
11,19,13,0.999584291,0.999880633,0.028834326,0.015450989
11,19,14,0.999838348,0.99990012,0.017980656,0.014133629
11,19,15,0.999807823,0.999901203,0.019604936,0.014056803
11,19,16,0.999765445,0.999923358,0.021658933,0.012380774
11,19,17,0.999732523,0.999907264,0.023129062,0.013618777
11,19,18,0.999771499,0.999916209,0.021377595,0.012945383
11,20,2,0.96052589,0.99989629,0.280977259,0.014402083
11,20,3,0.990749307,0.999865393,0.136019804,0.016407755
11,20,4,0.999614111,0.999873433,0.027780897,0.015910201
11,20,5,0.999341494,0.999850039,0.036290662,0.017318281
11,20,6,0.999743548,0.999899004,0.022647385,0.014212376
11,20,7,0.999720952,0.99991415,0.023624059,0.013103453
11,20,8,0.999784458,0.999876179,0.02076256,0.015736658
11,20,9,0.999689471,0.999907424,0.024921038,0.013607048
11,20,10,0.999639471,0.999848672,0.026852506,0.017397027
11,20,11,0.999777297,0.999910625,0.021104641,0.013369726
11,20,12,0.999702593,0.999887985,0.024388819,0.014967631
